Workbook

Sheet Instructions
A1: Instructions — Event Frequency Analysis
A3: 1) LOGGING EVENTS
A4: Just append a new row at the bottom of the "RawData" sheet.
A5: Date as DD.MM.YYYY (e.g. 09.05.2026), Time as HH:MM (e.g. 14:30).
A6: The "Slot" column fills in automatically (half-hour slot 0 to 47).
A7: The "Counter" column is optional and is not used in the analysis.
A8: Each row counts as 1 event.
A10: 2) ADDING A NEW DAY TO THE HEATMAP
A11: In the "Heatmap Day x Time" sheet, 80 reserve rows with ready formulas
A12: are prepared below the existing data.
A13: Just enter the date in column A — all 48 half-hour columns, the daily total
A14: and the weekday calculate automatically.
... A35: whatever you are counting (visitors, button presses, errors, sales, etc.).

Sheet Heatmap Day x Time
A1: Event Heatmap: Day × Time (30-minute resolution)
A2: Updates automatically from the RawData table. Colour scale: light = few, dark green = many.
A4: Date | B4: Weekday | C4: 00:00 | D4: 00:30 | E4: 01:00 | F4: 01:30 | G4: 02:00 | H4: 02:30 | I4: 03:00 | J4: 03:30 | K4: 04:00 | L4: 04:30 | M4: 05:00 | N4: 05:30 | O4: 06:00 | P4: 06:30 | Q4: 07:00 | R4: 07:30 | S4: 08:00 | T4: 08:30 | U4: 09:00 | V4: 09:30 | W4: 10:00 | X4: 10:30 | Y4: 11:00 | Z4: 11:30 | AA4: 12:00 | AB4: 12:30 | AC4: 13:00 | AD4: 13:30 | AE4: 14:00 | AF4: 14:30 | AG4: 15:00 | AH4: 15:30 | AI4: 16:00 | AJ4: 16:30 | AK4: 17:00 | AL4: 17:30 | AM4: 18:00 | AN4: 18:30 | AO4: 19:00 | AP4: 19:30 | AQ4: 20:00 | AR4: 20:30 | AS4: 21:00 | AT4: 21:30 | AU4: 22:00 | AV4: 22:30 | AW4: 23:00 | AX4: 23:30 | AY4: Daily Total
A5: 46150 | B5: =IF(A5="","",CHOOSE(WEEKDAY(A5,2),"Monday","Tuesday","Wednesday","Thursday","Friday","Saturday","Sunday")) -> Friday | C5: =IF($A5="","",COUNTIFS(RawData[Date],$A5,RawData[Slot],0)) -> 0 | D5: =IF($A5="","",COUNTIFS(RawData[Date],$A5,RawData[Slot],1)) -> 0 | E5: =IF($A5="","",COUNTIFS(RawData[Date],$A5,RawData[Slot],2)) -> 0 | F5: =IF($A5="","",COUNTIFS(RawData[Date],$A5,RawData[Slot],3)) -> 0 | G5: =IF($A5="","",COUNTIFS(RawData[Date],$A5,RawData[Slot],4)) -> 0 | H5: =IF($A5="","",COUNTIFS(RawData[Date],$A5,RawData[Slot],5)) -> 0 | I5: =IF($A5="","",COUNTIFS(RawData[Date],$A5,RawData[Slot],6)) -> 0 | J5: =IF($A5="","",COUNTIFS(RawData[Date],$A5,RawData[Slot],7)) -> 0 | K5: =IF($A5="","",COUNTIFS(RawData[Date],$A5,RawData[Slot],8)) -> 0 | L5: =IF($A5="","",COUNTIFS(RawData[Date],$A5,RawData[Slot],9)) -> 0 | M5: =IF($A5="","",COUNTIFS(RawData[Date],$A5,RawData[Slot],10)) -> 0 | N5: =IF($A5="","",COUNTIFS(RawData[Date],$A5,RawData[Slot],11)) -> 0 | O5: =IF($A5="","",COUNTIFS(RawData[Date],$A5,RawData[Slot],12)) -> 0 | P5: =IF($A5="","",COUNTIFS(RawData[Date],$A5,RawData[Slot],13)) -> 0 | Q5: =IF($A5="","",COUNTIFS(RawData[Date],$A5,RawData[Slot],14)) -> 0 | R5: =IF($A5="","",COUNTIFS(RawData[Date],$A5,RawData[Slot],15)) -> 0 | S5: =IF($A5="","",COUNTIFS(RawData[Date],$A5,RawData[Slot],16)) -> 0 | T5: =IF($A5="","",COUNTIFS(RawData[Date],$A5,RawData[Slot],17)) -> 0 | U5: =IF($A5="","",COUNTIFS(RawData[Date],$A5,RawData[Slot],18)) -> 0 | V5: =IF($A5="","",COUNTIFS(RawData[Date],$A5,RawData[Slot],19)) -> 6 | W5: =IF($A5="","",COUNTIFS(RawData[Date],$A5,RawData[Slot],20)) -> 3 | X5: =IF($A5="","",COUNTIFS(RawData[Date],$A5,RawData[Slot],21)) -> 1 | Y5: =IF($A5="","",COUNTIFS(RawData[Date],$A5,RawData[Slot],22)) -> 2 | Z5: =IF($A5="","",COUNTIFS(RawData[Date],$A5,RawData[Slot],23)) -> 2 | AA5: =IF($A5="","",COUNTIFS(RawData[Date],$A5,RawData[Slot],24)) -> 0 | AB5: =IF($A5="","",COUNTIFS(RawData[Date],$A5,RawData[Slot],25)) -> 3 | AC5: =IF($A5="","",COUNTIFS(RawData[Date],$A5,RawData[Slot],26)) -> 1 | AD5: =IF($A5="","",COUNTIFS(RawData[Date],$A5,RawData[Slot],27)) -> 0 | AE5: =IF($A5="","",COUNTIFS(RawData[Date],$A5,RawData[Slot],28)) -> 0 | AF5: =IF($A5="","",COUNTIFS(RawData[Date],$A5,RawData[Slot],29)) -> 0 | AG5: =IF($A5="","",COUNTIFS(RawData[Date],$A5,RawData[Slot],30)) -> 0 | AH5: =IF($A5="","",COUNTIFS(RawData[Date],$A5,RawData[Slot],31)) -> 5 | AI5: =IF($A5="","",COUNTIFS(RawData[Date],$A5,RawData[Slot],32)) -> 1 | AJ5: =IF($A5="","",COUNTIFS(RawData[Date],$A5,RawData[Slot],33)) -> 2 | AK5: =IF($A5="","",COUNTIFS(RawData[Date],$A5,RawData[Slot],34)) -> 0 | AL5: =IF($A5="","",COUNTIFS(RawData[Date],$A5,RawData[Slot],35)) -> 0 | AM5: =IF($A5="","",COUNTIFS(RawData[Date],$A5,RawData[Slot],36)) -> 0 | AN5: =IF($A5="","",COUNTIFS(RawData[Date],$A5,RawData[Slot],37)) -> 0 | AO5: =IF($A5="","",COUNTIFS(RawData[Date],$A5,RawData[Slot],38)) -> 0 | AP5: =IF($A5="","",COUNTIFS(RawData[Date],$A5,RawData[Slot],39)) -> 0 | AQ5: =IF($A5="","",COUNTIFS(RawData[Date],$A5,RawData[Slot],40)) -> 0 | AR5: =IF($A5="","",COUNTIFS(RawData[Date],$A5,RawData[Slot],41)) -> 0 | AS5: =IF($A5="","",COUNTIFS(RawData[Date],$A5,RawData[Slot],42)) -> 0 | AT5: =IF($A5="","",COUNTIFS(RawData[Date],$A5,RawData[Slot],43)) -> 0 | AU5: =IF($A5="","",COUNTIFS(RawData[Date],$A5,RawData[Slot],44)) -> 0 | AV5: =IF($A5="","",COUNTIFS(RawData[Date],$A5,RawData[Slot],45)) -> 0 | AW5: =IF($A5="","",COUNTIFS(RawData[Date],$A5,RawData[Slot],46)) -> 0 | AX5: =IF($A5="","",COUNTIFS(RawData[Date],$A5,RawData[Slot],47)) -> 0 | AY5: =IF(A5="","",SUM(C5:AX5)) -> 26
A6: 46153 | B6: =IF(A6="","",CHOOSE(WEEKDAY(A6,2),"Monday","Tuesday","Wednesday","Thursday","Friday","Saturday","Sunday")) -> Monday | C6: =IF($A6="","",COUNTIFS(RawData[Date],$A6,RawData[Slot],0)) -> 0 | D6: =IF($A6="","",COUNTIFS(RawData[Date],$A6,RawData[Slot],1)) -> 0 | E6: =IF($A6="","",COUNTIFS(RawData[Date],$A6,RawData[Slot],2)) -> 0 | F6: =IF($A6="","",COUNTIFS(RawData[Date],$A6,RawData[Slot],3)) -> 0 | G6: =IF($A6="","",COUNTIFS(RawData[Date],$A6,RawData[Slot],4)) -> 0 | H6: =IF($A6="","",COUNTIFS(RawData[Date],$A6,RawData[Slot],5)) -> 0 | I6: =IF($A6="","",COUNTIFS(RawData[Date],$A6,RawData[Slot],6)) -> 0 | J6: =IF($A6="","",COUNTIFS(RawData[Date],$A6,RawData[Slot],7)) -> 0 | K6: =IF($A6="","",COUNTIFS(RawData[Date],$A6,RawData[Slot],8)) -> 0 | L6: =IF($A6="","",COUNTIFS(RawData[Date],$A6,RawData[Slot],9)) -> 0 | M6: =IF($A6="","",COUNTIFS(RawData[Date],$A6,RawData[Slot],10)) -> 0 | N6: =IF($A6="","",COUNTIFS(RawData[Date],$A6,RawData[Slot],11)) -> 0 | O6: =IF($A6="","",COUNTIFS(RawData[Date],$A6,RawData[Slot],12)) -> 0 | P6: =IF($A6="","",COUNTIFS(RawData[Date],$A6,RawData[Slot],13)) -> 0 | Q6: =IF($A6="","",COUNTIFS(RawData[Date],$A6,RawData[Slot],14)) -> 0 | R6: =IF($A6="","",COUNTIFS(RawData[Date],$A6,RawData[Slot],15)) -> 0 | S6: =IF($A6="","",COUNTIFS(RawData[Date],$A6,RawData[Slot],16)) -> 0 | T6: =IF($A6="","",COUNTIFS(RawData[Date],$A6,RawData[Slot],17)) -> 0 | U6: =IF($A6="","",COUNTIFS(RawData[Date],$A6,RawData[Slot],18)) -> 0 | V6: =IF($A6="","",COUNTIFS(RawData[Date],$A6,RawData[Slot],19)) -> 0 | W6: =IF($A6="","",COUNTIFS(RawData[Date],$A6,RawData[Slot],20)) -> 0 | X6: =IF($A6="","",COUNTIFS(RawData[Date],$A6,RawData[Slot],21)) -> 0 | Y6: =IF($A6="","",COUNTIFS(RawData[Date],$A6,RawData[Slot],22)) -> 0 | Z6: =IF($A6="","",COUNTIFS(RawData[Date],$A6,RawData[Slot],23)) -> 0 | AA6: =IF($A6="","",COUNTIFS(RawData[Date],$A6,RawData[Slot],24)) -> 0 | AB6: =IF($A6="","",COUNTIFS(RawData[Date],$A6,RawData[Slot],25)) -> 0 | AC6: =IF($A6="","",COUNTIFS(RawData[Date],$A6,RawData[Slot],26)) -> 0 | AD6: =IF($A6="","",COUNTIFS(RawData[Date],$A6,RawData[Slot],27)) -> 0 | AE6: =IF($A6="","",COUNTIFS(RawData[Date],$A6,RawData[Slot],28)) -> 0 | AF6: =IF($A6="","",COUNTIFS(RawData[Date],$A6,RawData[Slot],29)) -> 0 | AG6: =IF($A6="","",COUNTIFS(RawData[Date],$A6,RawData[Slot],30)) -> 0 | AH6: =IF($A6="","",COUNTIFS(RawData[Date],$A6,RawData[Slot],31)) -> 0 | AI6: =IF($A6="","",COUNTIFS(RawData[Date],$A6,RawData[Slot],32)) -> 0 | AJ6: =IF($A6="","",COUNTIFS(RawData[Date],$A6,RawData[Slot],33)) -> 0 | AK6: =IF($A6="","",COUNTIFS(RawData[Date],$A6,RawData[Slot],34)) -> 0 | AL6: =IF($A6="","",COUNTIFS(RawData[Date],$A6,RawData[Slot],35)) -> 0 | AM6: =IF($A6="","",COUNTIFS(RawData[Date],$A6,RawData[Slot],36)) -> 0 | AN6: =IF($A6="","",COUNTIFS(RawData[Date],$A6,RawData[Slot],37)) -> 0 | AO6: =IF($A6="","",COUNTIFS(RawData[Date],$A6,RawData[Slot],38)) -> 0 | AP6: =IF($A6="","",COUNTIFS(RawData[Date],$A6,RawData[Slot],39)) -> 0 | AQ6: =IF($A6="","",COUNTIFS(RawData[Date],$A6,RawData[Slot],40)) -> 0 | AR6: =IF($A6="","",COUNTIFS(RawData[Date],$A6,RawData[Slot],41)) -> 0 | AS6: =IF($A6="","",COUNTIFS(RawData[Date],$A6,RawData[Slot],42)) -> 0 | AT6: =IF($A6="","",COUNTIFS(RawData[Date],$A6,RawData[Slot],43)) -> 0 | AU6: =IF($A6="","",COUNTIFS(RawData[Date],$A6,RawData[Slot],44)) -> 0 | AV6: =IF($A6="","",COUNTIFS(RawData[Date],$A6,RawData[Slot],45)) -> 0 | AW6: =IF($A6="","",COUNTIFS(RawData[Date],$A6,RawData[Slot],46)) -> 0 | AX6: =IF($A6="","",COUNTIFS(RawData[Date],$A6,RawData[Slot],47)) -> 0 | AY6: =IF(A6="","",SUM(C6:AX6)) -> 0
A7: 46154 | B7: =IF(A7="","",CHOOSE(WEEKDAY(A7,2),"Monday","Tuesday","Wednesday","Thursday","Friday","Saturday","Sunday")) -> Tuesday | C7: =IF($A7="","",COUNTIFS(RawData[Date],$A7,RawData[Slot],0)) -> 0 | D7: =IF($A7="","",COUNTIFS(RawData[Date],$A7,RawData[Slot],1)) -> 0 | E7: =IF($A7="","",COUNTIFS(RawData[Date],$A7,RawData[Slot],2)) -> 0 | F7: =IF($A7="","",COUNTIFS(RawData[Date],$A7,RawData[Slot],3)) -> 0 | G7: =IF($A7="","",COUNTIFS(RawData[Date],$A7,RawData[Slot],4)) -> 0 | H7: =IF($A7="","",COUNTIFS(RawData[Date],$A7,RawData[Slot],5)) -> 0 | I7: =IF($A7="","",COUNTIFS(RawData[Date],$A7,RawData[Slot],6)) -> 0 | J7: =IF($A7="","",COUNTIFS(RawData[Date],$A7,RawData[Slot],7)) -> 0 | K7: =IF($A7="","",COUNTIFS(RawData[Date],$A7,RawData[Slot],8)) -> 0 | L7: =IF($A7="","",COUNTIFS(RawData[Date],$A7,RawData[Slot],9)) -> 0 | M7: =IF($A7="","",COUNTIFS(RawData[Date],$A7,RawData[Slot],10)) -> 0 | N7: =IF($A7="","",COUNTIFS(RawData[Date],$A7,RawData[Slot],11)) -> 0 | O7: =IF($A7="","",COUNTIFS(RawData[Date],$A7,RawData[Slot],12)) -> 0 | P7: =IF($A7="","",COUNTIFS(RawData[Date],$A7,RawData[Slot],13)) -> 0 | Q7: =IF($A7="","",COUNTIFS(RawData[Date],$A7,RawData[Slot],14)) -> 0 | R7: =IF($A7="","",COUNTIFS(RawData[Date],$A7,RawData[Slot],15)) -> 0 | S7: =IF($A7="","",COUNTIFS(RawData[Date],$A7,RawData[Slot],16)) -> 0 | T7: =IF($A7="","",COUNTIFS(RawData[Date],$A7,RawData[Slot],17)) -> 0 | U7: =IF($A7="","",COUNTIFS(RawData[Date],$A7,RawData[Slot],18)) -> 0 | V7: =IF($A7="","",COUNTIFS(RawData[Date],$A7,RawData[Slot],19)) -> 0 | W7: =IF($A7="","",COUNTIFS(RawData[Date],$A7,RawData[Slot],20)) -> 0 | X7: =IF($A7="","",COUNTIFS(RawData[Date],$A7,RawData[Slot],21)) -> 0 | Y7: =IF($A7="","",COUNTIFS(RawData[Date],$A7,RawData[Slot],22)) -> 0 | Z7: =IF($A7="","",COUNTIFS(RawData[Date],$A7,RawData[Slot],23)) -> 0 | AA7: =IF($A7="","",COUNTIFS(RawData[Date],$A7,RawData[Slot],24)) -> 0 | AB7: =IF($A7="","",COUNTIFS(RawData[Date],$A7,RawData[Slot],25)) -> 0 | AC7: =IF($A7="","",COUNTIFS(RawData[Date],$A7,RawData[Slot],26)) -> 0 | AD7: =IF($A7="","",COUNTIFS(RawData[Date],$A7,RawData[Slot],27)) -> 0 | AE7: =IF($A7="","",COUNTIFS(RawData[Date],$A7,RawData[Slot],28)) -> 0 | AF7: =IF($A7="","",COUNTIFS(RawData[Date],$A7,RawData[Slot],29)) -> 0 | AG7: =IF($A7="","",COUNTIFS(RawData[Date],$A7,RawData[Slot],30)) -> 0 | AH7: =IF($A7="","",COUNTIFS(RawData[Date],$A7,RawData[Slot],31)) -> 0 | AI7: =IF($A7="","",COUNTIFS(RawData[Date],$A7,RawData[Slot],32)) -> 0 | AJ7: =IF($A7="","",COUNTIFS(RawData[Date],$A7,RawData[Slot],33)) -> 0 | AK7: =IF($A7="","",COUNTIFS(RawData[Date],$A7,RawData[Slot],34)) -> 0 | AL7: =IF($A7="","",COUNTIFS(RawData[Date],$A7,RawData[Slot],35)) -> 0 | AM7: =IF($A7="","",COUNTIFS(RawData[Date],$A7,RawData[Slot],36)) -> 0 | AN7: =IF($A7="","",COUNTIFS(RawData[Date],$A7,RawData[Slot],37)) -> 0 | AO7: =IF($A7="","",COUNTIFS(RawData[Date],$A7,RawData[Slot],38)) -> 0 | AP7: =IF($A7="","",COUNTIFS(RawData[Date],$A7,RawData[Slot],39)) -> 0 | AQ7: =IF($A7="","",COUNTIFS(RawData[Date],$A7,RawData[Slot],40)) -> 0 | AR7: =IF($A7="","",COUNTIFS(RawData[Date],$A7,RawData[Slot],41)) -> 0 | AS7: =IF($A7="","",COUNTIFS(RawData[Date],$A7,RawData[Slot],42)) -> 0 | AT7: =IF($A7="","",COUNTIFS(RawData[Date],$A7,RawData[Slot],43)) -> 0 | AU7: =IF($A7="","",COUNTIFS(RawData[Date],$A7,RawData[Slot],44)) -> 0 | AV7: =IF($A7="","",COUNTIFS(RawData[Date],$A7,RawData[Slot],45)) -> 0 | AW7: =IF($A7="","",COUNTIFS(RawData[Date],$A7,RawData[Slot],46)) -> 0 | AX7: =IF($A7="","",COUNTIFS(RawData[Date],$A7,RawData[Slot],47)) -> 0 | AY7: =IF(A7="","",SUM(C7:AX7)) -> 0
A8: 46155 | B8: =IF(A8="","",CHOOSE(WEEKDAY(A8,2),"Monday","Tuesday","Wednesday","Thursday","Friday","Saturday","Sunday")) -> Wednesday | C8: =IF($A8="","",COUNTIFS(RawData[Date],$A8,RawData[Slot],0)) -> 0 | D8: =IF($A8="","",COUNTIFS(RawData[Date],$A8,RawData[Slot],1)) -> 0 | E8: =IF($A8="","",COUNTIFS(RawData[Date],$A8,RawData[Slot],2)) -> 0 | F8: =IF($A8="","",COUNTIFS(RawData[Date],$A8,RawData[Slot],3)) -> 0 | G8: =IF($A8="","",COUNTIFS(RawData[Date],$A8,RawData[Slot],4)) -> 0 | H8: =IF($A8="","",COUNTIFS(RawData[Date],$A8,RawData[Slot],5)) -> 0 | I8: =IF($A8="","",COUNTIFS(RawData[Date],$A8,RawData[Slot],6)) -> 0 | J8: =IF($A8="","",COUNTIFS(RawData[Date],$A8,RawData[Slot],7)) -> 0 | K8: =IF($A8="","",COUNTIFS(RawData[Date],$A8,RawData[Slot],8)) -> 0 | L8: =IF($A8="","",COUNTIFS(RawData[Date],$A8,RawData[Slot],9)) -> 0 | M8: =IF($A8="","",COUNTIFS(RawData[Date],$A8,RawData[Slot],10)) -> 0 | N8: =IF($A8="","",COUNTIFS(RawData[Date],$A8,RawData[Slot],11)) -> 0 | O8: =IF($A8="","",COUNTIFS(RawData[Date],$A8,RawData[Slot],12)) -> 0 | P8: =IF($A8="","",COUNTIFS(RawData[Date],$A8,RawData[Slot],13)) -> 0 | Q8: =IF($A8="","",COUNTIFS(RawData[Date],$A8,RawData[Slot],14)) -> 0 | R8: =IF($A8="","",COUNTIFS(RawData[Date],$A8,RawData[Slot],15)) -> 0 | S8: =IF($A8="","",COUNTIFS(RawData[Date],$A8,RawData[Slot],16)) -> 0 | T8: =IF($A8="","",COUNTIFS(RawData[Date],$A8,RawData[Slot],17)) -> 0 | U8: =IF($A8="","",COUNTIFS(RawData[Date],$A8,RawData[Slot],18)) -> 0 | V8: =IF($A8="","",COUNTIFS(RawData[Date],$A8,RawData[Slot],19)) -> 0 | W8: =IF($A8="","",COUNTIFS(RawData[Date],$A8,RawData[Slot],20)) -> 0 | X8: =IF($A8="","",COUNTIFS(RawData[Date],$A8,RawData[Slot],21)) -> 0 | Y8: =IF($A8="","",COUNTIFS(RawData[Date],$A8,RawData[Slot],22)) -> 0 | Z8: =IF($A8="","",COUNTIFS(RawData[Date],$A8,RawData[Slot],23)) -> 0 | AA8: =IF($A8="","",COUNTIFS(RawData[Date],$A8,RawData[Slot],24)) -> 0 | AB8: =IF($A8="","",COUNTIFS(RawData[Date],$A8,RawData[Slot],25)) -> 0 | AC8: =IF($A8="","",COUNTIFS(RawData[Date],$A8,RawData[Slot],26)) -> 0 | AD8: =IF($A8="","",COUNTIFS(RawData[Date],$A8,RawData[Slot],27)) -> 0 | AE8: =IF($A8="","",COUNTIFS(RawData[Date],$A8,RawData[Slot],28)) -> 0 | AF8: =IF($A8="","",COUNTIFS(RawData[Date],$A8,RawData[Slot],29)) -> 0 | AG8: =IF($A8="","",COUNTIFS(RawData[Date],$A8,RawData[Slot],30)) -> 0 | AH8: =IF($A8="","",COUNTIFS(RawData[Date],$A8,RawData[Slot],31)) -> 0 | AI8: =IF($A8="","",COUNTIFS(RawData[Date],$A8,RawData[Slot],32)) -> 0 | AJ8: =IF($A8="","",COUNTIFS(RawData[Date],$A8,RawData[Slot],33)) -> 0 | AK8: =IF($A8="","",COUNTIFS(RawData[Date],$A8,RawData[Slot],34)) -> 0 | AL8: =IF($A8="","",COUNTIFS(RawData[Date],$A8,RawData[Slot],35)) -> 0 | AM8: =IF($A8="","",COUNTIFS(RawData[Date],$A8,RawData[Slot],36)) -> 0 | AN8: =IF($A8="","",COUNTIFS(RawData[Date],$A8,RawData[Slot],37)) -> 0 | AO8: =IF($A8="","",COUNTIFS(RawData[Date],$A8,RawData[Slot],38)) -> 0 | AP8: =IF($A8="","",COUNTIFS(RawData[Date],$A8,RawData[Slot],39)) -> 0 | AQ8: =IF($A8="","",COUNTIFS(RawData[Date],$A8,RawData[Slot],40)) -> 0 | AR8: =IF($A8="","",COUNTIFS(RawData[Date],$A8,RawData[Slot],41)) -> 0 | AS8: =IF($A8="","",COUNTIFS(RawData[Date],$A8,RawData[Slot],42)) -> 0 | AT8: =IF($A8="","",COUNTIFS(RawData[Date],$A8,RawData[Slot],43)) -> 0 | AU8: =IF($A8="","",COUNTIFS(RawData[Date],$A8,RawData[Slot],44)) -> 0 | AV8: =IF($A8="","",COUNTIFS(RawData[Date],$A8,RawData[Slot],45)) -> 0 | AW8: =IF($A8="","",COUNTIFS(RawData[Date],$A8,RawData[Slot],46)) -> 0 | AX8: =IF($A8="","",COUNTIFS(RawData[Date],$A8,RawData[Slot],47)) -> 0 | AY8: =IF(A8="","",SUM(C8:AX8)) -> 0
A9: 46156 | B9: =IF(A9="","",CHOOSE(WEEKDAY(A9,2),"Monday","Tuesday","Wednesday","Thursday","Friday","Saturday","Sunday")) -> Thursday | C9: =IF($A9="","",COUNTIFS(RawData[Date],$A9,RawData[Slot],0)) -> 0 | D9: =IF($A9="","",COUNTIFS(RawData[Date],$A9,RawData[Slot],1)) -> 0 | E9: =IF($A9="","",COUNTIFS(RawData[Date],$A9,RawData[Slot],2)) -> 0 | F9: =IF($A9="","",COUNTIFS(RawData[Date],$A9,RawData[Slot],3)) -> 0 | G9: =IF($A9="","",COUNTIFS(RawData[Date],$A9,RawData[Slot],4)) -> 0 | H9: =IF($A9="","",COUNTIFS(RawData[Date],$A9,RawData[Slot],5)) -> 0 | I9: =IF($A9="","",COUNTIFS(RawData[Date],$A9,RawData[Slot],6)) -> 0 | J9: =IF($A9="","",COUNTIFS(RawData[Date],$A9,RawData[Slot],7)) -> 0 | K9: =IF($A9="","",COUNTIFS(RawData[Date],$A9,RawData[Slot],8)) -> 0 | L9: =IF($A9="","",COUNTIFS(RawData[Date],$A9,RawData[Slot],9)) -> 0 | M9: =IF($A9="","",COUNTIFS(RawData[Date],$A9,RawData[Slot],10)) -> 0 | N9: =IF($A9="","",COUNTIFS(RawData[Date],$A9,RawData[Slot],11)) -> 0 | O9: =IF($A9="","",COUNTIFS(RawData[Date],$A9,RawData[Slot],12)) -> 0 | P9: =IF($A9="","",COUNTIFS(RawData[Date],$A9,RawData[Slot],13)) -> 0 | Q9: =IF($A9="","",COUNTIFS(RawData[Date],$A9,RawData[Slot],14)) -> 0 | R9: =IF($A9="","",COUNTIFS(RawData[Date],$A9,RawData[Slot],15)) -> 0 | S9: =IF($A9="","",COUNTIFS(RawData[Date],$A9,RawData[Slot],16)) -> 0 | T9: =IF($A9="","",COUNTIFS(RawData[Date],$A9,RawData[Slot],17)) -> 0 | U9: =IF($A9="","",COUNTIFS(RawData[Date],$A9,RawData[Slot],18)) -> 0 | V9: =IF($A9="","",COUNTIFS(RawData[Date],$A9,RawData[Slot],19)) -> 0 | W9: =IF($A9="","",COUNTIFS(RawData[Date],$A9,RawData[Slot],20)) -> 0 | X9: =IF($A9="","",COUNTIFS(RawData[Date],$A9,RawData[Slot],21)) -> 0 | Y9: =IF($A9="","",COUNTIFS(RawData[Date],$A9,RawData[Slot],22)) -> 0 | Z9: =IF($A9="","",COUNTIFS(RawData[Date],$A9,RawData[Slot],23)) -> 0 | AA9: =IF($A9="","",COUNTIFS(RawData[Date],$A9,RawData[Slot],24)) -> 0 | AB9: =IF($A9="","",COUNTIFS(RawData[Date],$A9,RawData[Slot],25)) -> 0 | AC9: =IF($A9="","",COUNTIFS(RawData[Date],$A9,RawData[Slot],26)) -> 0 | AD9: =IF($A9="","",COUNTIFS(RawData[Date],$A9,RawData[Slot],27)) -> 0 | AE9: =IF($A9="","",COUNTIFS(RawData[Date],$A9,RawData[Slot],28)) -> 0 | AF9: =IF($A9="","",COUNTIFS(RawData[Date],$A9,RawData[Slot],29)) -> 0 | AG9: =IF($A9="","",COUNTIFS(RawData[Date],$A9,RawData[Slot],30)) -> 0 | AH9: =IF($A9="","",COUNTIFS(RawData[Date],$A9,RawData[Slot],31)) -> 0 | AI9: =IF($A9="","",COUNTIFS(RawData[Date],$A9,RawData[Slot],32)) -> 0 | AJ9: =IF($A9="","",COUNTIFS(RawData[Date],$A9,RawData[Slot],33)) -> 0 | AK9: =IF($A9="","",COUNTIFS(RawData[Date],$A9,RawData[Slot],34)) -> 0 | AL9: =IF($A9="","",COUNTIFS(RawData[Date],$A9,RawData[Slot],35)) -> 0 | AM9: =IF($A9="","",COUNTIFS(RawData[Date],$A9,RawData[Slot],36)) -> 0 | AN9: =IF($A9="","",COUNTIFS(RawData[Date],$A9,RawData[Slot],37)) -> 0 | AO9: =IF($A9="","",COUNTIFS(RawData[Date],$A9,RawData[Slot],38)) -> 0 | AP9: =IF($A9="","",COUNTIFS(RawData[Date],$A9,RawData[Slot],39)) -> 0 | AQ9: =IF($A9="","",COUNTIFS(RawData[Date],$A9,RawData[Slot],40)) -> 0 | AR9: =IF($A9="","",COUNTIFS(RawData[Date],$A9,RawData[Slot],41)) -> 0 | AS9: =IF($A9="","",COUNTIFS(RawData[Date],$A9,RawData[Slot],42)) -> 0 | AT9: =IF($A9="","",COUNTIFS(RawData[Date],$A9,RawData[Slot],43)) -> 0 | AU9: =IF($A9="","",COUNTIFS(RawData[Date],$A9,RawData[Slot],44)) -> 0 | AV9: =IF($A9="","",COUNTIFS(RawData[Date],$A9,RawData[Slot],45)) -> 0 | AW9: =IF($A9="","",COUNTIFS(RawData[Date],$A9,RawData[Slot],46)) -> 0 | AX9: =IF($A9="","",COUNTIFS(RawData[Date],$A9,RawData[Slot],47)) -> 0 | AY9: =IF(A9="","",SUM(C9:AX9)) -> 0
A10: 46157 | B10: =IF(A10="","",CHOOSE(WEEKDAY(A10,2),"Monday","Tuesday","Wednesday","Thursday","Friday","Saturday","Sunday")) -> Friday | C10: =IF($A10="","",COUNTIFS(RawData[Date],$A10,RawData[Slot],0)) -> 0 | D10: =IF($A10="","",COUNTIFS(RawData[Date],$A10,RawData[Slot],1)) -> 0 | E10: =IF($A10="","",COUNTIFS(RawData[Date],$A10,RawData[Slot],2)) -> 0 | F10: =IF($A10="","",COUNTIFS(RawData[Date],$A10,RawData[Slot],3)) -> 0 | G10: =IF($A10="","",COUNTIFS(RawData[Date],$A10,RawData[Slot],4)) -> 0 | H10: =IF($A10="","",COUNTIFS(RawData[Date],$A10,RawData[Slot],5)) -> 0 | I10: =IF($A10="","",COUNTIFS(RawData[Date],$A10,RawData[Slot],6)) -> 0 | J10: =IF($A10="","",COUNTIFS(RawData[Date],$A10,RawData[Slot],7)) -> 0 | K10: =IF($A10="","",COUNTIFS(RawData[Date],$A10,RawData[Slot],8)) -> 0 | L10: =IF($A10="","",COUNTIFS(RawData[Date],$A10,RawData[Slot],9)) -> 0 | M10: =IF($A10="","",COUNTIFS(RawData[Date],$A10,RawData[Slot],10)) -> 0 | N10: =IF($A10="","",COUNTIFS(RawData[Date],$A10,RawData[Slot],11)) -> 0 | O10: =IF($A10="","",COUNTIFS(RawData[Date],$A10,RawData[Slot],12)) -> 0 | P10: =IF($A10="","",COUNTIFS(RawData[Date],$A10,RawData[Slot],13)) -> 0 | Q10: =IF($A10="","",COUNTIFS(RawData[Date],$A10,RawData[Slot],14)) -> 0 | R10: =IF($A10="","",COUNTIFS(RawData[Date],$A10,RawData[Slot],15)) -> 0 | S10: =IF($A10="","",COUNTIFS(RawData[Date],$A10,RawData[Slot],16)) -> 0 | T10: =IF($A10="","",COUNTIFS(RawData[Date],$A10,RawData[Slot],17)) -> 0 | U10: =IF($A10="","",COUNTIFS(RawData[Date],$A10,RawData[Slot],18)) -> 0 | V10: =IF($A10="","",COUNTIFS(RawData[Date],$A10,RawData[Slot],19)) -> 0 | W10: =IF($A10="","",COUNTIFS(RawData[Date],$A10,RawData[Slot],20)) -> 0 | X10: =IF($A10="","",COUNTIFS(RawData[Date],$A10,RawData[Slot],21)) -> 0 | Y10: =IF($A10="","",COUNTIFS(RawData[Date],$A10,RawData[Slot],22)) -> 0 | Z10: =IF($A10="","",COUNTIFS(RawData[Date],$A10,RawData[Slot],23)) -> 0 | AA10: =IF($A10="","",COUNTIFS(RawData[Date],$A10,RawData[Slot],24)) -> 0 | AB10: =IF($A10="","",COUNTIFS(RawData[Date],$A10,RawData[Slot],25)) -> 0 | AC10: =IF($A10="","",COUNTIFS(RawData[Date],$A10,RawData[Slot],26)) -> 0 | AD10: =IF($A10="","",COUNTIFS(RawData[Date],$A10,RawData[Slot],27)) -> 0 | AE10: =IF($A10="","",COUNTIFS(RawData[Date],$A10,RawData[Slot],28)) -> 0 | AF10: =IF($A10="","",COUNTIFS(RawData[Date],$A10,RawData[Slot],29)) -> 0 | AG10: =IF($A10="","",COUNTIFS(RawData[Date],$A10,RawData[Slot],30)) -> 0 | AH10: =IF($A10="","",COUNTIFS(RawData[Date],$A10,RawData[Slot],31)) -> 0 | AI10: =IF($A10="","",COUNTIFS(RawData[Date],$A10,RawData[Slot],32)) -> 0 | AJ10: =IF($A10="","",COUNTIFS(RawData[Date],$A10,RawData[Slot],33)) -> 0 | AK10: =IF($A10="","",COUNTIFS(RawData[Date],$A10,RawData[Slot],34)) -> 0 | AL10: =IF($A10="","",COUNTIFS(RawData[Date],$A10,RawData[Slot],35)) -> 0 | AM10: =IF($A10="","",COUNTIFS(RawData[Date],$A10,RawData[Slot],36)) -> 0 | AN10: =IF($A10="","",COUNTIFS(RawData[Date],$A10,RawData[Slot],37)) -> 0 | AO10: =IF($A10="","",COUNTIFS(RawData[Date],$A10,RawData[Slot],38)) -> 0 | AP10: =IF($A10="","",COUNTIFS(RawData[Date],$A10,RawData[Slot],39)) -> 0 | AQ10: =IF($A10="","",COUNTIFS(RawData[Date],$A10,RawData[Slot],40)) -> 0 | AR10: =IF($A10="","",COUNTIFS(RawData[Date],$A10,RawData[Slot],41)) -> 0 | AS10: =IF($A10="","",COUNTIFS(RawData[Date],$A10,RawData[Slot],42)) -> 0 | AT10: =IF($A10="","",COUNTIFS(RawData[Date],$A10,RawData[Slot],43)) -> 0 | AU10: =IF($A10="","",COUNTIFS(RawData[Date],$A10,RawData[Slot],44)) -> 0 | AV10: =IF($A10="","",COUNTIFS(RawData[Date],$A10,RawData[Slot],45)) -> 0 | AW10: =IF($A10="","",COUNTIFS(RawData[Date],$A10,RawData[Slot],46)) -> 0 | AX10: =IF($A10="","",COUNTIFS(RawData[Date],$A10,RawData[Slot],47)) -> 0 | AY10: =IF(A10="","",SUM(C10:AX10)) -> 0
B11: =IF(A11="","",CHOOSE(WEEKDAY(A11,2),"Monday","Tuesday","Wednesday","Thursday","Friday","Saturday","Sunday")) | C11: =IF($A11="","",COUNTIFS(RawData[Date],$A11,RawData[Slot],0)) | D11: =IF($A11="","",COUNTIFS(RawData[Date],$A11,RawData[Slot],1)) | E11: =IF($A11="","",COUNTIFS(RawData[Date],$A11,RawData[Slot],2)) | F11: =IF($A11="","",COUNTIFS(RawData[Date],$A11,RawData[Slot],3)) | G11: =IF($A11="","",COUNTIFS(RawData[Date],$A11,RawData[Slot],4)) | H11: =IF($A11="","",COUNTIFS(RawData[Date],$A11,RawData[Slot],5)) | I11: =IF($A11="","",COUNTIFS(RawData[Date],$A11,RawData[Slot],6)) | J11: =IF($A11="","",COUNTIFS(RawData[Date],$A11,RawData[Slot],7)) | K11: =IF($A11="","",COUNTIFS(RawData[Date],$A11,RawData[Slot],8)) | L11: =IF($A11="","",COUNTIFS(RawData[Date],$A11,RawData[Slot],9)) | M11: =IF($A11="","",COUNTIFS(RawData[Date],$A11,RawData[Slot],10)) | N11: =IF($A11="","",COUNTIFS(RawData[Date],$A11,RawData[Slot],11)) | O11: =IF($A11="","",COUNTIFS(RawData[Date],$A11,RawData[Slot],12)) | P11: =IF($A11="","",COUNTIFS(RawData[Date],$A11,RawData[Slot],13)) | Q11: =IF($A11="","",COUNTIFS(RawData[Date],$A11,RawData[Slot],14)) | R11: =IF($A11="","",COUNTIFS(RawData[Date],$A11,RawData[Slot],15)) | S11: =IF($A11="","",COUNTIFS(RawData[Date],$A11,RawData[Slot],16)) | T11: =IF($A11="","",COUNTIFS(RawData[Date],$A11,RawData[Slot],17)) | U11: =IF($A11="","",COUNTIFS(RawData[Date],$A11,RawData[Slot],18)) | V11: =IF($A11="","",COUNTIFS(RawData[Date],$A11,RawData[Slot],19)) | W11: =IF($A11="","",COUNTIFS(RawData[Date],$A11,RawData[Slot],20)) | X11: =IF($A11="","",COUNTIFS(RawData[Date],$A11,RawData[Slot],21)) | Y11: =IF($A11="","",COUNTIFS(RawData[Date],$A11,RawData[Slot],22)) | Z11: =IF($A11="","",COUNTIFS(RawData[Date],$A11,RawData[Slot],23)) | AA11: =IF($A11="","",COUNTIFS(RawData[Date],$A11,RawData[Slot],24)) | AB11: =IF($A11="","",COUNTIFS(RawData[Date],$A11,RawData[Slot],25)) | AC11: =IF($A11="","",COUNTIFS(RawData[Date],$A11,RawData[Slot],26)) | AD11: =IF($A11="","",COUNTIFS(RawData[Date],$A11,RawData[Slot],27)) | AE11: =IF($A11="","",COUNTIFS(RawData[Date],$A11,RawData[Slot],28)) | AF11: =IF($A11="","",COUNTIFS(RawData[Date],$A11,RawData[Slot],29)) | AG11: =IF($A11="","",COUNTIFS(RawData[Date],$A11,RawData[Slot],30)) | AH11: =IF($A11="","",COUNTIFS(RawData[Date],$A11,RawData[Slot],31)) | AI11: =IF($A11="","",COUNTIFS(RawData[Date],$A11,RawData[Slot],32)) | AJ11: =IF($A11="","",COUNTIFS(RawData[Date],$A11,RawData[Slot],33)) | AK11: =IF($A11="","",COUNTIFS(RawData[Date],$A11,RawData[Slot],34)) | AL11: =IF($A11="","",COUNTIFS(RawData[Date],$A11,RawData[Slot],35)) | AM11: =IF($A11="","",COUNTIFS(RawData[Date],$A11,RawData[Slot],36)) | AN11: =IF($A11="","",COUNTIFS(RawData[Date],$A11,RawData[Slot],37)) | AO11: =IF($A11="","",COUNTIFS(RawData[Date],$A11,RawData[Slot],38)) | AP11: =IF($A11="","",COUNTIFS(RawData[Date],$A11,RawData[Slot],39)) | AQ11: =IF($A11="","",COUNTIFS(RawData[Date],$A11,RawData[Slot],40)) | AR11: =IF($A11="","",COUNTIFS(RawData[Date],$A11,RawData[Slot],41)) | AS11: =IF($A11="","",COUNTIFS(RawData[Date],$A11,RawData[Slot],42)) | AT11: =IF($A11="","",COUNTIFS(RawData[Date],$A11,RawData[Slot],43)) | AU11: =IF($A11="","",COUNTIFS(RawData[Date],$A11,RawData[Slot],44)) | AV11: =IF($A11="","",COUNTIFS(RawData[Date],$A11,RawData[Slot],45)) | AW11: =IF($A11="","",COUNTIFS(RawData[Date],$A11,RawData[Slot],46)) | AX11: =IF($A11="","",COUNTIFS(RawData[Date],$A11,RawData[Slot],47)) | AY11: =IF(A11="","",SUM(C11:AX11))
B12: =IF(A12="","",CHOOSE(WEEKDAY(A12,2),"Monday","Tuesday","Wednesday","Thursday","Friday","Saturday","Sunday")) | C12: =IF($A12="","",COUNTIFS(RawData[Date],$A12,RawData[Slot],0)) | D12: =IF($A12="","",COUNTIFS(RawData[Date],$A12,RawData[Slot],1)) | E12: =IF($A12="","",COUNTIFS(RawData[Date],$A12,RawData[Slot],2)) | F12: =IF($A12="","",COUNTIFS(RawData[Date],$A12,RawData[Slot],3)) | G12: =IF($A12="","",COUNTIFS(RawData[Date],$A12,RawData[Slot],4)) | H12: =IF($A12="","",COUNTIFS(RawData[Date],$A12,RawData[Slot],5)) | I12: =IF($A12="","",COUNTIFS(RawData[Date],$A12,RawData[Slot],6)) | J12: =IF($A12="","",COUNTIFS(RawData[Date],$A12,RawData[Slot],7)) | K12: =IF($A12="","",COUNTIFS(RawData[Date],$A12,RawData[Slot],8)) | L12: =IF($A12="","",COUNTIFS(RawData[Date],$A12,RawData[Slot],9)) | M12: =IF($A12="","",COUNTIFS(RawData[Date],$A12,RawData[Slot],10)) | N12: =IF($A12="","",COUNTIFS(RawData[Date],$A12,RawData[Slot],11)) | O12: =IF($A12="","",COUNTIFS(RawData[Date],$A12,RawData[Slot],12)) | P12: =IF($A12="","",COUNTIFS(RawData[Date],$A12,RawData[Slot],13)) | Q12: =IF($A12="","",COUNTIFS(RawData[Date],$A12,RawData[Slot],14)) | R12: =IF($A12="","",COUNTIFS(RawData[Date],$A12,RawData[Slot],15)) | S12: =IF($A12="","",COUNTIFS(RawData[Date],$A12,RawData[Slot],16)) | T12: =IF($A12="","",COUNTIFS(RawData[Date],$A12,RawData[Slot],17)) | U12: =IF($A12="","",COUNTIFS(RawData[Date],$A12,RawData[Slot],18)) | V12: =IF($A12="","",COUNTIFS(RawData[Date],$A12,RawData[Slot],19)) | W12: =IF($A12="","",COUNTIFS(RawData[Date],$A12,RawData[Slot],20)) | X12: =IF($A12="","",COUNTIFS(RawData[Date],$A12,RawData[Slot],21)) | Y12: =IF($A12="","",COUNTIFS(RawData[Date],$A12,RawData[Slot],22)) | Z12: =IF($A12="","",COUNTIFS(RawData[Date],$A12,RawData[Slot],23)) | AA12: =IF($A12="","",COUNTIFS(RawData[Date],$A12,RawData[Slot],24)) | AB12: =IF($A12="","",COUNTIFS(RawData[Date],$A12,RawData[Slot],25)) | AC12: =IF($A12="","",COUNTIFS(RawData[Date],$A12,RawData[Slot],26)) | AD12: =IF($A12="","",COUNTIFS(RawData[Date],$A12,RawData[Slot],27)) | AE12: =IF($A12="","",COUNTIFS(RawData[Date],$A12,RawData[Slot],28)) | AF12: =IF($A12="","",COUNTIFS(RawData[Date],$A12,RawData[Slot],29)) | AG12: =IF($A12="","",COUNTIFS(RawData[Date],$A12,RawData[Slot],30)) | AH12: =IF($A12="","",COUNTIFS(RawData[Date],$A12,RawData[Slot],31)) | AI12: =IF($A12="","",COUNTIFS(RawData[Date],$A12,RawData[Slot],32)) | AJ12: =IF($A12="","",COUNTIFS(RawData[Date],$A12,RawData[Slot],33)) | AK12: =IF($A12="","",COUNTIFS(RawData[Date],$A12,RawData[Slot],34)) | AL12: =IF($A12="","",COUNTIFS(RawData[Date],$A12,RawData[Slot],35)) | AM12: =IF($A12="","",COUNTIFS(RawData[Date],$A12,RawData[Slot],36)) | AN12: =IF($A12="","",COUNTIFS(RawData[Date],$A12,RawData[Slot],37)) | AO12: =IF($A12="","",COUNTIFS(RawData[Date],$A12,RawData[Slot],38)) | AP12: =IF($A12="","",COUNTIFS(RawData[Date],$A12,RawData[Slot],39)) | AQ12: =IF($A12="","",COUNTIFS(RawData[Date],$A12,RawData[Slot],40)) | AR12: =IF($A12="","",COUNTIFS(RawData[Date],$A12,RawData[Slot],41)) | AS12: =IF($A12="","",COUNTIFS(RawData[Date],$A12,RawData[Slot],42)) | AT12: =IF($A12="","",COUNTIFS(RawData[Date],$A12,RawData[Slot],43)) | AU12: =IF($A12="","",COUNTIFS(RawData[Date],$A12,RawData[Slot],44)) | AV12: =IF($A12="","",COUNTIFS(RawData[Date],$A12,RawData[Slot],45)) | AW12: =IF($A12="","",COUNTIFS(RawData[Date],$A12,RawData[Slot],46)) | AX12: =IF($A12="","",COUNTIFS(RawData[Date],$A12,RawData[Slot],47)) | AY12: =IF(A12="","",SUM(C12:AX12))
B13: =IF(A13="","",CHOOSE(WEEKDAY(A13,2),"Monday","Tuesday","Wednesday","Thursday","Friday","Saturday","Sunday")) | C13: =IF($A13="","",COUNTIFS(RawData[Date],$A13,RawData[Slot],0)) | D13: =IF($A13="","",COUNTIFS(RawData[Date],$A13,RawData[Slot],1)) | E13: =IF($A13="","",COUNTIFS(RawData[Date],$A13,RawData[Slot],2)) | F13: =IF($A13="","",COUNTIFS(RawData[Date],$A13,RawData[Slot],3)) | G13: =IF($A13="","",COUNTIFS(RawData[Date],$A13,RawData[Slot],4)) | H13: =IF($A13="","",COUNTIFS(RawData[Date],$A13,RawData[Slot],5)) | I13: =IF($A13="","",COUNTIFS(RawData[Date],$A13,RawData[Slot],6)) | J13: =IF($A13="","",COUNTIFS(RawData[Date],$A13,RawData[Slot],7)) | K13: =IF($A13="","",COUNTIFS(RawData[Date],$A13,RawData[Slot],8)) | L13: =IF($A13="","",COUNTIFS(RawData[Date],$A13,RawData[Slot],9)) | M13: =IF($A13="","",COUNTIFS(RawData[Date],$A13,RawData[Slot],10)) | N13: =IF($A13="","",COUNTIFS(RawData[Date],$A13,RawData[Slot],11)) | O13: =IF($A13="","",COUNTIFS(RawData[Date],$A13,RawData[Slot],12)) | P13: =IF($A13="","",COUNTIFS(RawData[Date],$A13,RawData[Slot],13)) | Q13: =IF($A13="","",COUNTIFS(RawData[Date],$A13,RawData[Slot],14)) | R13: =IF($A13="","",COUNTIFS(RawData[Date],$A13,RawData[Slot],15)) | S13: =IF($A13="","",COUNTIFS(RawData[Date],$A13,RawData[Slot],16)) | T13: =IF($A13="","",COUNTIFS(RawData[Date],$A13,RawData[Slot],17)) | U13: =IF($A13="","",COUNTIFS(RawData[Date],$A13,RawData[Slot],18)) | V13: =IF($A13="","",COUNTIFS(RawData[Date],$A13,RawData[Slot],19)) | W13: =IF($A13="","",COUNTIFS(RawData[Date],$A13,RawData[Slot],20)) | X13: =IF($A13="","",COUNTIFS(RawData[Date],$A13,RawData[Slot],21)) | Y13: =IF($A13="","",COUNTIFS(RawData[Date],$A13,RawData[Slot],22)) | Z13: =IF($A13="","",COUNTIFS(RawData[Date],$A13,RawData[Slot],23)) | AA13: =IF($A13="","",COUNTIFS(RawData[Date],$A13,RawData[Slot],24)) | AB13: =IF($A13="","",COUNTIFS(RawData[Date],$A13,RawData[Slot],25)) | AC13: =IF($A13="","",COUNTIFS(RawData[Date],$A13,RawData[Slot],26)) | AD13: =IF($A13="","",COUNTIFS(RawData[Date],$A13,RawData[Slot],27)) | AE13: =IF($A13="","",COUNTIFS(RawData[Date],$A13,RawData[Slot],28)) | AF13: =IF($A13="","",COUNTIFS(RawData[Date],$A13,RawData[Slot],29)) | AG13: =IF($A13="","",COUNTIFS(RawData[Date],$A13,RawData[Slot],30)) | AH13: =IF($A13="","",COUNTIFS(RawData[Date],$A13,RawData[Slot],31)) | AI13: =IF($A13="","",COUNTIFS(RawData[Date],$A13,RawData[Slot],32)) | AJ13: =IF($A13="","",COUNTIFS(RawData[Date],$A13,RawData[Slot],33)) | AK13: =IF($A13="","",COUNTIFS(RawData[Date],$A13,RawData[Slot],34)) | AL13: =IF($A13="","",COUNTIFS(RawData[Date],$A13,RawData[Slot],35)) | AM13: =IF($A13="","",COUNTIFS(RawData[Date],$A13,RawData[Slot],36)) | AN13: =IF($A13="","",COUNTIFS(RawData[Date],$A13,RawData[Slot],37)) | AO13: =IF($A13="","",COUNTIFS(RawData[Date],$A13,RawData[Slot],38)) | AP13: =IF($A13="","",COUNTIFS(RawData[Date],$A13,RawData[Slot],39)) | AQ13: =IF($A13="","",COUNTIFS(RawData[Date],$A13,RawData[Slot],40)) | AR13: =IF($A13="","",COUNTIFS(RawData[Date],$A13,RawData[Slot],41)) | AS13: =IF($A13="","",COUNTIFS(RawData[Date],$A13,RawData[Slot],42)) | AT13: =IF($A13="","",COUNTIFS(RawData[Date],$A13,RawData[Slot],43)) | AU13: =IF($A13="","",COUNTIFS(RawData[Date],$A13,RawData[Slot],44)) | AV13: =IF($A13="","",COUNTIFS(RawData[Date],$A13,RawData[Slot],45)) | AW13: =IF($A13="","",COUNTIFS(RawData[Date],$A13,RawData[Slot],46)) | AX13: =IF($A13="","",COUNTIFS(RawData[Date],$A13,RawData[Slot],47)) | AY13: =IF(A13="","",SUM(C13:AX13))
B14: =IF(A14="","",CHOOSE(WEEKDAY(A14,2),"Monday","Tuesday","Wednesday","Thursday","Friday","Saturday","Sunday")) | C14: =IF($A14="","",COUNTIFS(RawData[Date],$A14,RawData[Slot],0)) | D14: =IF($A14="","",COUNTIFS(RawData[Date],$A14,RawData[Slot],1)) | E14: =IF($A14="","",COUNTIFS(RawData[Date],$A14,RawData[Slot],2)) | F14: =IF($A14="","",COUNTIFS(RawData[Date],$A14,RawData[Slot],3)) | G14: =IF($A14="","",COUNTIFS(RawData[Date],$A14,RawData[Slot],4)) | H14: =IF($A14="","",COUNTIFS(RawData[Date],$A14,RawData[Slot],5)) | I14: =IF($A14="","",COUNTIFS(RawData[Date],$A14,RawData[Slot],6)) | J14: =IF($A14="","",COUNTIFS(RawData[Date],$A14,RawData[Slot],7)) | K14: =IF($A14="","",COUNTIFS(RawData[Date],$A14,RawData[Slot],8)) | L14: =IF($A14="","",COUNTIFS(RawData[Date],$A14,RawData[Slot],9)) | M14: =IF($A14="","",COUNTIFS(RawData[Date],$A14,RawData[Slot],10)) | N14: =IF($A14="","",COUNTIFS(RawData[Date],$A14,RawData[Slot],11)) | O14: =IF($A14="","",COUNTIFS(RawData[Date],$A14,RawData[Slot],12)) | P14: =IF($A14="","",COUNTIFS(RawData[Date],$A14,RawData[Slot],13)) | Q14: =IF($A14="","",COUNTIFS(RawData[Date],$A14,RawData[Slot],14)) | R14: =IF($A14="","",COUNTIFS(RawData[Date],$A14,RawData[Slot],15)) | S14: =IF($A14="","",COUNTIFS(RawData[Date],$A14,RawData[Slot],16)) | T14: =IF($A14="","",COUNTIFS(RawData[Date],$A14,RawData[Slot],17)) | U14: =IF($A14="","",COUNTIFS(RawData[Date],$A14,RawData[Slot],18)) | V14: =IF($A14="","",COUNTIFS(RawData[Date],$A14,RawData[Slot],19)) | W14: =IF($A14="","",COUNTIFS(RawData[Date],$A14,RawData[Slot],20)) | X14: =IF($A14="","",COUNTIFS(RawData[Date],$A14,RawData[Slot],21)) | Y14: =IF($A14="","",COUNTIFS(RawData[Date],$A14,RawData[Slot],22)) | Z14: =IF($A14="","",COUNTIFS(RawData[Date],$A14,RawData[Slot],23)) | AA14: =IF($A14="","",COUNTIFS(RawData[Date],$A14,RawData[Slot],24)) | AB14: =IF($A14="","",COUNTIFS(RawData[Date],$A14,RawData[Slot],25)) | AC14: =IF($A14="","",COUNTIFS(RawData[Date],$A14,RawData[Slot],26)) | AD14: =IF($A14="","",COUNTIFS(RawData[Date],$A14,RawData[Slot],27)) | AE14: =IF($A14="","",COUNTIFS(RawData[Date],$A14,RawData[Slot],28)) | AF14: =IF($A14="","",COUNTIFS(RawData[Date],$A14,RawData[Slot],29)) | AG14: =IF($A14="","",COUNTIFS(RawData[Date],$A14,RawData[Slot],30)) | AH14: =IF($A14="","",COUNTIFS(RawData[Date],$A14,RawData[Slot],31)) | AI14: =IF($A14="","",COUNTIFS(RawData[Date],$A14,RawData[Slot],32)) | AJ14: =IF($A14="","",COUNTIFS(RawData[Date],$A14,RawData[Slot],33)) | AK14: =IF($A14="","",COUNTIFS(RawData[Date],$A14,RawData[Slot],34)) | AL14: =IF($A14="","",COUNTIFS(RawData[Date],$A14,RawData[Slot],35)) | AM14: =IF($A14="","",COUNTIFS(RawData[Date],$A14,RawData[Slot],36)) | AN14: =IF($A14="","",COUNTIFS(RawData[Date],$A14,RawData[Slot],37)) | AO14: =IF($A14="","",COUNTIFS(RawData[Date],$A14,RawData[Slot],38)) | AP14: =IF($A14="","",COUNTIFS(RawData[Date],$A14,RawData[Slot],39)) | AQ14: =IF($A14="","",COUNTIFS(RawData[Date],$A14,RawData[Slot],40)) | AR14: =IF($A14="","",COUNTIFS(RawData[Date],$A14,RawData[Slot],41)) | AS14: =IF($A14="","",COUNTIFS(RawData[Date],$A14,RawData[Slot],42)) | AT14: =IF($A14="","",COUNTIFS(RawData[Date],$A14,RawData[Slot],43)) | AU14: =IF($A14="","",COUNTIFS(RawData[Date],$A14,RawData[Slot],44)) | AV14: =IF($A14="","",COUNTIFS(RawData[Date],$A14,RawData[Slot],45)) | AW14: =IF($A14="","",COUNTIFS(RawData[Date],$A14,RawData[Slot],46)) | AX14: =IF($A14="","",COUNTIFS(RawData[Date],$A14,RawData[Slot],47)) | AY14: =IF(A14="","",SUM(C14:AX14))
B15: =IF(A15="","",CHOOSE(WEEKDAY(A15,2),"Monday","Tuesday","Wednesday","Thursday","Friday","Saturday","Sunday")) | C15: =IF($A15="","",COUNTIFS(RawData[Date],$A15,RawData[Slot],0)) | D15: =IF($A15="","",COUNTIFS(RawData[Date],$A15,RawData[Slot],1)) | E15: =IF($A15="","",COUNTIFS(RawData[Date],$A15,RawData[Slot],2)) | F15: =IF($A15="","",COUNTIFS(RawData[Date],$A15,RawData[Slot],3)) | G15: =IF($A15="","",COUNTIFS(RawData[Date],$A15,RawData[Slot],4)) | H15: =IF($A15="","",COUNTIFS(RawData[Date],$A15,RawData[Slot],5)) | I15: =IF($A15="","",COUNTIFS(RawData[Date],$A15,RawData[Slot],6)) | J15: =IF($A15="","",COUNTIFS(RawData[Date],$A15,RawData[Slot],7)) | K15: =IF($A15="","",COUNTIFS(RawData[Date],$A15,RawData[Slot],8)) | L15: =IF($A15="","",COUNTIFS(RawData[Date],$A15,RawData[Slot],9)) | M15: =IF($A15="","",COUNTIFS(RawData[Date],$A15,RawData[Slot],10)) | N15: =IF($A15="","",COUNTIFS(RawData[Date],$A15,RawData[Slot],11)) | O15: =IF($A15="","",COUNTIFS(RawData[Date],$A15,RawData[Slot],12)) | P15: =IF($A15="","",COUNTIFS(RawData[Date],$A15,RawData[Slot],13)) | Q15: =IF($A15="","",COUNTIFS(RawData[Date],$A15,RawData[Slot],14)) | R15: =IF($A15="","",COUNTIFS(RawData[Date],$A15,RawData[Slot],15)) | S15: =IF($A15="","",COUNTIFS(RawData[Date],$A15,RawData[Slot],16)) | T15: =IF($A15="","",COUNTIFS(RawData[Date],$A15,RawData[Slot],17)) | U15: =IF($A15="","",COUNTIFS(RawData[Date],$A15,RawData[Slot],18)) | V15: =IF($A15="","",COUNTIFS(RawData[Date],$A15,RawData[Slot],19)) | W15: =IF($A15="","",COUNTIFS(RawData[Date],$A15,RawData[Slot],20)) | X15: =IF($A15="","",COUNTIFS(RawData[Date],$A15,RawData[Slot],21)) | Y15: =IF($A15="","",COUNTIFS(RawData[Date],$A15,RawData[Slot],22)) | Z15: =IF($A15="","",COUNTIFS(RawData[Date],$A15,RawData[Slot],23)) | AA15: =IF($A15="","",COUNTIFS(RawData[Date],$A15,RawData[Slot],24)) | AB15: =IF($A15="","",COUNTIFS(RawData[Date],$A15,RawData[Slot],25)) | AC15: =IF($A15="","",COUNTIFS(RawData[Date],$A15,RawData[Slot],26)) | AD15: =IF($A15="","",COUNTIFS(RawData[Date],$A15,RawData[Slot],27)) | AE15: =IF($A15="","",COUNTIFS(RawData[Date],$A15,RawData[Slot],28)) | AF15: =IF($A15="","",COUNTIFS(RawData[Date],$A15,RawData[Slot],29)) | AG15: =IF($A15="","",COUNTIFS(RawData[Date],$A15,RawData[Slot],30)) | AH15: =IF($A15="","",COUNTIFS(RawData[Date],$A15,RawData[Slot],31)) | AI15: =IF($A15="","",COUNTIFS(RawData[Date],$A15,RawData[Slot],32)) | AJ15: =IF($A15="","",COUNTIFS(RawData[Date],$A15,RawData[Slot],33)) | AK15: =IF($A15="","",COUNTIFS(RawData[Date],$A15,RawData[Slot],34)) | AL15: =IF($A15="","",COUNTIFS(RawData[Date],$A15,RawData[Slot],35)) | AM15: =IF($A15="","",COUNTIFS(RawData[Date],$A15,RawData[Slot],36)) | AN15: =IF($A15="","",COUNTIFS(RawData[Date],$A15,RawData[Slot],37)) | AO15: =IF($A15="","",COUNTIFS(RawData[Date],$A15,RawData[Slot],38)) | AP15: =IF($A15="","",COUNTIFS(RawData[Date],$A15,RawData[Slot],39)) | AQ15: =IF($A15="","",COUNTIFS(RawData[Date],$A15,RawData[Slot],40)) | AR15: =IF($A15="","",COUNTIFS(RawData[Date],$A15,RawData[Slot],41)) | AS15: =IF($A15="","",COUNTIFS(RawData[Date],$A15,RawData[Slot],42)) | AT15: =IF($A15="","",COUNTIFS(RawData[Date],$A15,RawData[Slot],43)) | AU15: =IF($A15="","",COUNTIFS(RawData[Date],$A15,RawData[Slot],44)) | AV15: =IF($A15="","",COUNTIFS(RawData[Date],$A15,RawData[Slot],45)) | AW15: =IF($A15="","",COUNTIFS(RawData[Date],$A15,RawData[Slot],46)) | AX15: =IF($A15="","",COUNTIFS(RawData[Date],$A15,RawData[Slot],47)) | AY15: =IF(A15="","",SUM(C15:AX15))
B16: =IF(A16="","",CHOOSE(WEEKDAY(A16,2),"Monday","Tuesday","Wednesday","Thursday","Friday","Saturday","Sunday")) | C16: =IF($A16="","",COUNTIFS(RawData[Date],$A16,RawData[Slot],0)) | D16: =IF($A16="","",COUNTIFS(RawData[Date],$A16,RawData[Slot],1)) | E16: =IF($A16="","",COUNTIFS(RawData[Date],$A16,RawData[Slot],2)) | F16: =IF($A16="","",COUNTIFS(RawData[Date],$A16,RawData[Slot],3)) | G16: =IF($A16="","",COUNTIFS(RawData[Date],$A16,RawData[Slot],4)) | H16: =IF($A16="","",COUNTIFS(RawData[Date],$A16,RawData[Slot],5)) | I16: =IF($A16="","",COUNTIFS(RawData[Date],$A16,RawData[Slot],6)) | J16: =IF($A16="","",COUNTIFS(RawData[Date],$A16,RawData[Slot],7)) | K16: =IF($A16="","",COUNTIFS(RawData[Date],$A16,RawData[Slot],8)) | L16: =IF($A16="","",COUNTIFS(RawData[Date],$A16,RawData[Slot],9)) | M16: =IF($A16="","",COUNTIFS(RawData[Date],$A16,RawData[Slot],10)) | N16: =IF($A16="","",COUNTIFS(RawData[Date],$A16,RawData[Slot],11)) | O16: =IF($A16="","",COUNTIFS(RawData[Date],$A16,RawData[Slot],12)) | P16: =IF($A16="","",COUNTIFS(RawData[Date],$A16,RawData[Slot],13)) | Q16: =IF($A16="","",COUNTIFS(RawData[Date],$A16,RawData[Slot],14)) | R16: =IF($A16="","",COUNTIFS(RawData[Date],$A16,RawData[Slot],15)) | S16: =IF($A16="","",COUNTIFS(RawData[Date],$A16,RawData[Slot],16)) | T16: =IF($A16="","",COUNTIFS(RawData[Date],$A16,RawData[Slot],17)) | U16: =IF($A16="","",COUNTIFS(RawData[Date],$A16,RawData[Slot],18)) | V16: =IF($A16="","",COUNTIFS(RawData[Date],$A16,RawData[Slot],19)) | W16: =IF($A16="","",COUNTIFS(RawData[Date],$A16,RawData[Slot],20)) | X16: =IF($A16="","",COUNTIFS(RawData[Date],$A16,RawData[Slot],21)) | Y16: =IF($A16="","",COUNTIFS(RawData[Date],$A16,RawData[Slot],22)) | Z16: =IF($A16="","",COUNTIFS(RawData[Date],$A16,RawData[Slot],23)) | AA16: =IF($A16="","",COUNTIFS(RawData[Date],$A16,RawData[Slot],24)) | AB16: =IF($A16="","",COUNTIFS(RawData[Date],$A16,RawData[Slot],25)) | AC16: =IF($A16="","",COUNTIFS(RawData[Date],$A16,RawData[Slot],26)) | AD16: =IF($A16="","",COUNTIFS(RawData[Date],$A16,RawData[Slot],27)) | AE16: =IF($A16="","",COUNTIFS(RawData[Date],$A16,RawData[Slot],28)) | AF16: =IF($A16="","",COUNTIFS(RawData[Date],$A16,RawData[Slot],29)) | AG16: =IF($A16="","",COUNTIFS(RawData[Date],$A16,RawData[Slot],30)) | AH16: =IF($A16="","",COUNTIFS(RawData[Date],$A16,RawData[Slot],31)) | AI16: =IF($A16="","",COUNTIFS(RawData[Date],$A16,RawData[Slot],32)) | AJ16: =IF($A16="","",COUNTIFS(RawData[Date],$A16,RawData[Slot],33)) | AK16: =IF($A16="","",COUNTIFS(RawData[Date],$A16,RawData[Slot],34)) | AL16: =IF($A16="","",COUNTIFS(RawData[Date],$A16,RawData[Slot],35)) | AM16: =IF($A16="","",COUNTIFS(RawData[Date],$A16,RawData[Slot],36)) | AN16: =IF($A16="","",COUNTIFS(RawData[Date],$A16,RawData[Slot],37)) | AO16: =IF($A16="","",COUNTIFS(RawData[Date],$A16,RawData[Slot],38)) | AP16: =IF($A16="","",COUNTIFS(RawData[Date],$A16,RawData[Slot],39)) | AQ16: =IF($A16="","",COUNTIFS(RawData[Date],$A16,RawData[Slot],40)) | AR16: =IF($A16="","",COUNTIFS(RawData[Date],$A16,RawData[Slot],41)) | AS16: =IF($A16="","",COUNTIFS(RawData[Date],$A16,RawData[Slot],42)) | AT16: =IF($A16="","",COUNTIFS(RawData[Date],$A16,RawData[Slot],43)) | AU16: =IF($A16="","",COUNTIFS(RawData[Date],$A16,RawData[Slot],44)) | AV16: =IF($A16="","",COUNTIFS(RawData[Date],$A16,RawData[Slot],45)) | AW16: =IF($A16="","",COUNTIFS(RawData[Date],$A16,RawData[Slot],46)) | AX16: =IF($A16="","",COUNTIFS(RawData[Date],$A16,RawData[Slot],47)) | AY16: =IF(A16="","",SUM(C16:AX16))
B17: =IF(A17="","",CHOOSE(WEEKDAY(A17,2),"Monday","Tuesday","Wednesday","Thursday","Friday","Saturday","Sunday")) | C17: =IF($A17="","",COUNTIFS(RawData[Date],$A17,RawData[Slot],0)) | D17: =IF($A17="","",COUNTIFS(RawData[Date],$A17,RawData[Slot],1)) | E17: =IF($A17="","",COUNTIFS(RawData[Date],$A17,RawData[Slot],2)) | F17: =IF($A17="","",COUNTIFS(RawData[Date],$A17,RawData[Slot],3)) | G17: =IF($A17="","",COUNTIFS(RawData[Date],$A17,RawData[Slot],4)) | H17: =IF($A17="","",COUNTIFS(RawData[Date],$A17,RawData[Slot],5)) | I17: =IF($A17="","",COUNTIFS(RawData[Date],$A17,RawData[Slot],6)) | J17: =IF($A17="","",COUNTIFS(RawData[Date],$A17,RawData[Slot],7)) | K17: =IF($A17="","",COUNTIFS(RawData[Date],$A17,RawData[Slot],8)) | L17: =IF($A17="","",COUNTIFS(RawData[Date],$A17,RawData[Slot],9)) | M17: =IF($A17="","",COUNTIFS(RawData[Date],$A17,RawData[Slot],10)) | N17: =IF($A17="","",COUNTIFS(RawData[Date],$A17,RawData[Slot],11)) | O17: =IF($A17="","",COUNTIFS(RawData[Date],$A17,RawData[Slot],12)) | P17: =IF($A17="","",COUNTIFS(RawData[Date],$A17,RawData[Slot],13)) | Q17: =IF($A17="","",COUNTIFS(RawData[Date],$A17,RawData[Slot],14)) | R17: =IF($A17="","",COUNTIFS(RawData[Date],$A17,RawData[Slot],15)) | S17: =IF($A17="","",COUNTIFS(RawData[Date],$A17,RawData[Slot],16)) | T17: =IF($A17="","",COUNTIFS(RawData[Date],$A17,RawData[Slot],17)) | U17: =IF($A17="","",COUNTIFS(RawData[Date],$A17,RawData[Slot],18)) | V17: =IF($A17="","",COUNTIFS(RawData[Date],$A17,RawData[Slot],19)) | W17: =IF($A17="","",COUNTIFS(RawData[Date],$A17,RawData[Slot],20)) | X17: =IF($A17="","",COUNTIFS(RawData[Date],$A17,RawData[Slot],21)) | Y17: =IF($A17="","",COUNTIFS(RawData[Date],$A17,RawData[Slot],22)) | Z17: =IF($A17="","",COUNTIFS(RawData[Date],$A17,RawData[Slot],23)) | AA17: =IF($A17="","",COUNTIFS(RawData[Date],$A17,RawData[Slot],24)) | AB17: =IF($A17="","",COUNTIFS(RawData[Date],$A17,RawData[Slot],25)) | AC17: =IF($A17="","",COUNTIFS(RawData[Date],$A17,RawData[Slot],26)) | AD17: =IF($A17="","",COUNTIFS(RawData[Date],$A17,RawData[Slot],27)) | AE17: =IF($A17="","",COUNTIFS(RawData[Date],$A17,RawData[Slot],28)) | AF17: =IF($A17="","",COUNTIFS(RawData[Date],$A17,RawData[Slot],29)) | AG17: =IF($A17="","",COUNTIFS(RawData[Date],$A17,RawData[Slot],30)) | AH17: =IF($A17="","",COUNTIFS(RawData[Date],$A17,RawData[Slot],31)) | AI17: =IF($A17="","",COUNTIFS(RawData[Date],$A17,RawData[Slot],32)) | AJ17: =IF($A17="","",COUNTIFS(RawData[Date],$A17,RawData[Slot],33)) | AK17: =IF($A17="","",COUNTIFS(RawData[Date],$A17,RawData[Slot],34)) | AL17: =IF($A17="","",COUNTIFS(RawData[Date],$A17,RawData[Slot],35)) | AM17: =IF($A17="","",COUNTIFS(RawData[Date],$A17,RawData[Slot],36)) | AN17: =IF($A17="","",COUNTIFS(RawData[Date],$A17,RawData[Slot],37)) | AO17: =IF($A17="","",COUNTIFS(RawData[Date],$A17,RawData[Slot],38)) | AP17: =IF($A17="","",COUNTIFS(RawData[Date],$A17,RawData[Slot],39)) | AQ17: =IF($A17="","",COUNTIFS(RawData[Date],$A17,RawData[Slot],40)) | AR17: =IF($A17="","",COUNTIFS(RawData[Date],$A17,RawData[Slot],41)) | AS17: =IF($A17="","",COUNTIFS(RawData[Date],$A17,RawData[Slot],42)) | AT17: =IF($A17="","",COUNTIFS(RawData[Date],$A17,RawData[Slot],43)) | AU17: =IF($A17="","",COUNTIFS(RawData[Date],$A17,RawData[Slot],44)) | AV17: =IF($A17="","",COUNTIFS(RawData[Date],$A17,RawData[Slot],45)) | AW17: =IF($A17="","",COUNTIFS(RawData[Date],$A17,RawData[Slot],46)) | AX17: =IF($A17="","",COUNTIFS(RawData[Date],$A17,RawData[Slot],47)) | AY17: =IF(A17="","",SUM(C17:AX17))
B18: =IF(A18="","",CHOOSE(WEEKDAY(A18,2),"Monday","Tuesday","Wednesday","Thursday","Friday","Saturday","Sunday")) | C18: =IF($A18="","",COUNTIFS(RawData[Date],$A18,RawData[Slot],0)) | D18: =IF($A18="","",COUNTIFS(RawData[Date],$A18,RawData[Slot],1)) | E18: =IF($A18="","",COUNTIFS(RawData[Date],$A18,RawData[Slot],2)) | F18: =IF($A18="","",COUNTIFS(RawData[Date],$A18,RawData[Slot],3)) | G18: =IF($A18="","",COUNTIFS(RawData[Date],$A18,RawData[Slot],4)) | H18: =IF($A18="","",COUNTIFS(RawData[Date],$A18,RawData[Slot],5)) | I18: =IF($A18="","",COUNTIFS(RawData[Date],$A18,RawData[Slot],6)) | J18: =IF($A18="","",COUNTIFS(RawData[Date],$A18,RawData[Slot],7)) | K18: =IF($A18="","",COUNTIFS(RawData[Date],$A18,RawData[Slot],8)) | L18: =IF($A18="","",COUNTIFS(RawData[Date],$A18,RawData[Slot],9)) | M18: =IF($A18="","",COUNTIFS(RawData[Date],$A18,RawData[Slot],10)) | N18: =IF($A18="","",COUNTIFS(RawData[Date],$A18,RawData[Slot],11)) | O18: =IF($A18="","",COUNTIFS(RawData[Date],$A18,RawData[Slot],12)) | P18: =IF($A18="","",COUNTIFS(RawData[Date],$A18,RawData[Slot],13)) | Q18: =IF($A18="","",COUNTIFS(RawData[Date],$A18,RawData[Slot],14)) | R18: =IF($A18="","",COUNTIFS(RawData[Date],$A18,RawData[Slot],15)) | S18: =IF($A18="","",COUNTIFS(RawData[Date],$A18,RawData[Slot],16)) | T18: =IF($A18="","",COUNTIFS(RawData[Date],$A18,RawData[Slot],17)) | U18: =IF($A18="","",COUNTIFS(RawData[Date],$A18,RawData[Slot],18)) | V18: =IF($A18="","",COUNTIFS(RawData[Date],$A18,RawData[Slot],19)) | W18: =IF($A18="","",COUNTIFS(RawData[Date],$A18,RawData[Slot],20)) | X18: =IF($A18="","",COUNTIFS(RawData[Date],$A18,RawData[Slot],21)) | Y18: =IF($A18="","",COUNTIFS(RawData[Date],$A18,RawData[Slot],22)) | Z18: =IF($A18="","",COUNTIFS(RawData[Date],$A18,RawData[Slot],23)) | AA18: =IF($A18="","",COUNTIFS(RawData[Date],$A18,RawData[Slot],24)) | AB18: =IF($A18="","",COUNTIFS(RawData[Date],$A18,RawData[Slot],25)) | AC18: =IF($A18="","",COUNTIFS(RawData[Date],$A18,RawData[Slot],26)) | AD18: =IF($A18="","",COUNTIFS(RawData[Date],$A18,RawData[Slot],27)) | AE18: =IF($A18="","",COUNTIFS(RawData[Date],$A18,RawData[Slot],28)) | AF18: =IF($A18="","",COUNTIFS(RawData[Date],$A18,RawData[Slot],29)) | AG18: =IF($A18="","",COUNTIFS(RawData[Date],$A18,RawData[Slot],30)) | AH18: =IF($A18="","",COUNTIFS(RawData[Date],$A18,RawData[Slot],31)) | AI18: =IF($A18="","",COUNTIFS(RawData[Date],$A18,RawData[Slot],32)) | AJ18: =IF($A18="","",COUNTIFS(RawData[Date],$A18,RawData[Slot],33)) | AK18: =IF($A18="","",COUNTIFS(RawData[Date],$A18,RawData[Slot],34)) | AL18: =IF($A18="","",COUNTIFS(RawData[Date],$A18,RawData[Slot],35)) | AM18: =IF($A18="","",COUNTIFS(RawData[Date],$A18,RawData[Slot],36)) | AN18: =IF($A18="","",COUNTIFS(RawData[Date],$A18,RawData[Slot],37)) | AO18: =IF($A18="","",COUNTIFS(RawData[Date],$A18,RawData[Slot],38)) | AP18: =IF($A18="","",COUNTIFS(RawData[Date],$A18,RawData[Slot],39)) | AQ18: =IF($A18="","",COUNTIFS(RawData[Date],$A18,RawData[Slot],40)) | AR18: =IF($A18="","",COUNTIFS(RawData[Date],$A18,RawData[Slot],41)) | AS18: =IF($A18="","",COUNTIFS(RawData[Date],$A18,RawData[Slot],42)) | AT18: =IF($A18="","",COUNTIFS(RawData[Date],$A18,RawData[Slot],43)) | AU18: =IF($A18="","",COUNTIFS(RawData[Date],$A18,RawData[Slot],44)) | AV18: =IF($A18="","",COUNTIFS(RawData[Date],$A18,RawData[Slot],45)) | AW18: =IF($A18="","",COUNTIFS(RawData[Date],$A18,RawData[Slot],46)) | AX18: =IF($A18="","",COUNTIFS(RawData[Date],$A18,RawData[Slot],47)) | AY18: =IF(A18="","",SUM(C18:AX18))
B19: =IF(A19="","",CHOOSE(WEEKDAY(A19,2),"Monday","Tuesday","Wednesday","Thursday","Friday","Saturday","Sunday")) | C19: =IF($A19="","",COUNTIFS(RawData[Date],$A19,RawData[Slot],0)) | D19: =IF($A19="","",COUNTIFS(RawData[Date],$A19,RawData[Slot],1)) | E19: =IF($A19="","",COUNTIFS(RawData[Date],$A19,RawData[Slot],2)) | F19: =IF($A19="","",COUNTIFS(RawData[Date],$A19,RawData[Slot],3)) | G19: =IF($A19="","",COUNTIFS(RawData[Date],$A19,RawData[Slot],4)) | H19: =IF($A19="","",COUNTIFS(RawData[Date],$A19,RawData[Slot],5)) | I19: =IF($A19="","",COUNTIFS(RawData[Date],$A19,RawData[Slot],6)) | J19: =IF($A19="","",COUNTIFS(RawData[Date],$A19,RawData[Slot],7)) | K19: =IF($A19="","",COUNTIFS(RawData[Date],$A19,RawData[Slot],8)) | L19: =IF($A19="","",COUNTIFS(RawData[Date],$A19,RawData[Slot],9)) | M19: =IF($A19="","",COUNTIFS(RawData[Date],$A19,RawData[Slot],10)) | N19: =IF($A19="","",COUNTIFS(RawData[Date],$A19,RawData[Slot],11)) | O19: =IF($A19="","",COUNTIFS(RawData[Date],$A19,RawData[Slot],12)) | P19: =IF($A19="","",COUNTIFS(RawData[Date],$A19,RawData[Slot],13)) | Q19: =IF($A19="","",COUNTIFS(RawData[Date],$A19,RawData[Slot],14)) | R19: =IF($A19="","",COUNTIFS(RawData[Date],$A19,RawData[Slot],15)) | S19: =IF($A19="","",COUNTIFS(RawData[Date],$A19,RawData[Slot],16)) | T19: =IF($A19="","",COUNTIFS(RawData[Date],$A19,RawData[Slot],17)) | U19: =IF($A19="","",COUNTIFS(RawData[Date],$A19,RawData[Slot],18)) | V19: =IF($A19="","",COUNTIFS(RawData[Date],$A19,RawData[Slot],19)) | W19: =IF($A19="","",COUNTIFS(RawData[Date],$A19,RawData[Slot],20)) | X19: =IF($A19="","",COUNTIFS(RawData[Date],$A19,RawData[Slot],21)) | Y19: =IF($A19="","",COUNTIFS(RawData[Date],$A19,RawData[Slot],22)) | Z19: =IF($A19="","",COUNTIFS(RawData[Date],$A19,RawData[Slot],23)) | AA19: =IF($A19="","",COUNTIFS(RawData[Date],$A19,RawData[Slot],24)) | AB19: =IF($A19="","",COUNTIFS(RawData[Date],$A19,RawData[Slot],25)) | AC19: =IF($A19="","",COUNTIFS(RawData[Date],$A19,RawData[Slot],26)) | AD19: =IF($A19="","",COUNTIFS(RawData[Date],$A19,RawData[Slot],27)) | AE19: =IF($A19="","",COUNTIFS(RawData[Date],$A19,RawData[Slot],28)) | AF19: =IF($A19="","",COUNTIFS(RawData[Date],$A19,RawData[Slot],29)) | AG19: =IF($A19="","",COUNTIFS(RawData[Date],$A19,RawData[Slot],30)) | AH19: =IF($A19="","",COUNTIFS(RawData[Date],$A19,RawData[Slot],31)) | AI19: =IF($A19="","",COUNTIFS(RawData[Date],$A19,RawData[Slot],32)) | AJ19: =IF($A19="","",COUNTIFS(RawData[Date],$A19,RawData[Slot],33)) | AK19: =IF($A19="","",COUNTIFS(RawData[Date],$A19,RawData[Slot],34)) | AL19: =IF($A19="","",COUNTIFS(RawData[Date],$A19,RawData[Slot],35)) | AM19: =IF($A19="","",COUNTIFS(RawData[Date],$A19,RawData[Slot],36)) | AN19: =IF($A19="","",COUNTIFS(RawData[Date],$A19,RawData[Slot],37)) | AO19: =IF($A19="","",COUNTIFS(RawData[Date],$A19,RawData[Slot],38)) | AP19: =IF($A19="","",COUNTIFS(RawData[Date],$A19,RawData[Slot],39)) | AQ19: =IF($A19="","",COUNTIFS(RawData[Date],$A19,RawData[Slot],40)) | AR19: =IF($A19="","",COUNTIFS(RawData[Date],$A19,RawData[Slot],41)) | AS19: =IF($A19="","",COUNTIFS(RawData[Date],$A19,RawData[Slot],42)) | AT19: =IF($A19="","",COUNTIFS(RawData[Date],$A19,RawData[Slot],43)) | AU19: =IF($A19="","",COUNTIFS(RawData[Date],$A19,RawData[Slot],44)) | AV19: =IF($A19="","",COUNTIFS(RawData[Date],$A19,RawData[Slot],45)) | AW19: =IF($A19="","",COUNTIFS(RawData[Date],$A19,RawData[Slot],46)) | AX19: =IF($A19="","",COUNTIFS(RawData[Date],$A19,RawData[Slot],47)) | AY19: =IF(A19="","",SUM(C19:AX19))
B20: =IF(A20="","",CHOOSE(WEEKDAY(A20,2),"Monday","Tuesday","Wednesday","Thursday","Friday","Saturday","Sunday")) | C20: =IF($A20="","",COUNTIFS(RawData[Date],$A20,RawData[Slot],0)) | D20: =IF($A20="","",COUNTIFS(RawData[Date],$A20,RawData[Slot],1)) | E20: =IF($A20="","",COUNTIFS(RawData[Date],$A20,RawData[Slot],2)) | F20: =IF($A20="","",COUNTIFS(RawData[Date],$A20,RawData[Slot],3)) | G20: =IF($A20="","",COUNTIFS(RawData[Date],$A20,RawData[Slot],4)) | H20: =IF($A20="","",COUNTIFS(RawData[Date],$A20,RawData[Slot],5)) | I20: =IF($A20="","",COUNTIFS(RawData[Date],$A20,RawData[Slot],6)) | J20: =IF($A20="","",COUNTIFS(RawData[Date],$A20,RawData[Slot],7)) | K20: =IF($A20="","",COUNTIFS(RawData[Date],$A20,RawData[Slot],8)) | L20: =IF($A20="","",COUNTIFS(RawData[Date],$A20,RawData[Slot],9)) | M20: =IF($A20="","",COUNTIFS(RawData[Date],$A20,RawData[Slot],10)) | N20: =IF($A20="","",COUNTIFS(RawData[Date],$A20,RawData[Slot],11)) | O20: =IF($A20="","",COUNTIFS(RawData[Date],$A20,RawData[Slot],12)) | P20: =IF($A20="","",COUNTIFS(RawData[Date],$A20,RawData[Slot],13)) | Q20: =IF($A20="","",COUNTIFS(RawData[Date],$A20,RawData[Slot],14)) | R20: =IF($A20="","",COUNTIFS(RawData[Date],$A20,RawData[Slot],15)) | S20: =IF($A20="","",COUNTIFS(RawData[Date],$A20,RawData[Slot],16)) | T20: =IF($A20="","",COUNTIFS(RawData[Date],$A20,RawData[Slot],17)) | U20: =IF($A20="","",COUNTIFS(RawData[Date],$A20,RawData[Slot],18)) | V20: =IF($A20="","",COUNTIFS(RawData[Date],$A20,RawData[Slot],19)) | W20: =IF($A20="","",COUNTIFS(RawData[Date],$A20,RawData[Slot],20)) | X20: =IF($A20="","",COUNTIFS(RawData[Date],$A20,RawData[Slot],21)) | Y20: =IF($A20="","",COUNTIFS(RawData[Date],$A20,RawData[Slot],22)) | Z20: =IF($A20="","",COUNTIFS(RawData[Date],$A20,RawData[Slot],23)) | AA20: =IF($A20="","",COUNTIFS(RawData[Date],$A20,RawData[Slot],24)) | AB20: =IF($A20="","",COUNTIFS(RawData[Date],$A20,RawData[Slot],25)) | AC20: =IF($A20="","",COUNTIFS(RawData[Date],$A20,RawData[Slot],26)) | AD20: =IF($A20="","",COUNTIFS(RawData[Date],$A20,RawData[Slot],27)) | AE20: =IF($A20="","",COUNTIFS(RawData[Date],$A20,RawData[Slot],28)) | AF20: =IF($A20="","",COUNTIFS(RawData[Date],$A20,RawData[Slot],29)) | AG20: =IF($A20="","",COUNTIFS(RawData[Date],$A20,RawData[Slot],30)) | AH20: =IF($A20="","",COUNTIFS(RawData[Date],$A20,RawData[Slot],31)) | AI20: =IF($A20="","",COUNTIFS(RawData[Date],$A20,RawData[Slot],32)) | AJ20: =IF($A20="","",COUNTIFS(RawData[Date],$A20,RawData[Slot],33)) | AK20: =IF($A20="","",COUNTIFS(RawData[Date],$A20,RawData[Slot],34)) | AL20: =IF($A20="","",COUNTIFS(RawData[Date],$A20,RawData[Slot],35)) | AM20: =IF($A20="","",COUNTIFS(RawData[Date],$A20,RawData[Slot],36)) | AN20: =IF($A20="","",COUNTIFS(RawData[Date],$A20,RawData[Slot],37)) | AO20: =IF($A20="","",COUNTIFS(RawData[Date],$A20,RawData[Slot],38)) | AP20: =IF($A20="","",COUNTIFS(RawData[Date],$A20,RawData[Slot],39)) | AQ20: =IF($A20="","",COUNTIFS(RawData[Date],$A20,RawData[Slot],40)) | AR20: =IF($A20="","",COUNTIFS(RawData[Date],$A20,RawData[Slot],41)) | AS20: =IF($A20="","",COUNTIFS(RawData[Date],$A20,RawData[Slot],42)) | AT20: =IF($A20="","",COUNTIFS(RawData[Date],$A20,RawData[Slot],43)) | AU20: =IF($A20="","",COUNTIFS(RawData[Date],$A20,RawData[Slot],44)) | AV20: =IF($A20="","",COUNTIFS(RawData[Date],$A20,RawData[Slot],45)) | AW20: =IF($A20="","",COUNTIFS(RawData[Date],$A20,RawData[Slot],46)) | AX20: =IF($A20="","",COUNTIFS(RawData[Date],$A20,RawData[Slot],47)) | AY20: =IF(A20="","",SUM(C20:AX20))
B21: =IF(A21="","",CHOOSE(WEEKDAY(A21,2),"Monday","Tuesday","Wednesday","Thursday","Friday","Saturday","Sunday")) | C21: =IF($A21="","",COUNTIFS(RawData[Date],$A21,RawData[Slot],0)) | D21: =IF($A21="","",COUNTIFS(RawData[Date],$A21,RawData[Slot],1)) | E21: =IF($A21="","",COUNTIFS(RawData[Date],$A21,RawData[Slot],2)) | F21: =IF($A21="","",COUNTIFS(RawData[Date],$A21,RawData[Slot],3)) | G21: =IF($A21="","",COUNTIFS(RawData[Date],$A21,RawData[Slot],4)) | H21: =IF($A21="","",COUNTIFS(RawData[Date],$A21,RawData[Slot],5)) | I21: =IF($A21="","",COUNTIFS(RawData[Date],$A21,RawData[Slot],6)) | J21: =IF($A21="","",COUNTIFS(RawData[Date],$A21,RawData[Slot],7)) | K21: =IF($A21="","",COUNTIFS(RawData[Date],$A21,RawData[Slot],8)) | L21: =IF($A21="","",COUNTIFS(RawData[Date],$A21,RawData[Slot],9)) | M21: =IF($A21="","",COUNTIFS(RawData[Date],$A21,RawData[Slot],10)) | N21: =IF($A21="","",COUNTIFS(RawData[Date],$A21,RawData[Slot],11)) | O21: =IF($A21="","",COUNTIFS(RawData[Date],$A21,RawData[Slot],12)) | P21: =IF($A21="","",COUNTIFS(RawData[Date],$A21,RawData[Slot],13)) | Q21: =IF($A21="","",COUNTIFS(RawData[Date],$A21,RawData[Slot],14)) | R21: =IF($A21="","",COUNTIFS(RawData[Date],$A21,RawData[Slot],15)) | S21: =IF($A21="","",COUNTIFS(RawData[Date],$A21,RawData[Slot],16)) | T21: =IF($A21="","",COUNTIFS(RawData[Date],$A21,RawData[Slot],17)) | U21: =IF($A21="","",COUNTIFS(RawData[Date],$A21,RawData[Slot],18)) | V21: =IF($A21="","",COUNTIFS(RawData[Date],$A21,RawData[Slot],19)) | W21: =IF($A21="","",COUNTIFS(RawData[Date],$A21,RawData[Slot],20)) | X21: =IF($A21="","",COUNTIFS(RawData[Date],$A21,RawData[Slot],21)) | Y21: =IF($A21="","",COUNTIFS(RawData[Date],$A21,RawData[Slot],22)) | Z21: =IF($A21="","",COUNTIFS(RawData[Date],$A21,RawData[Slot],23)) | AA21: =IF($A21="","",COUNTIFS(RawData[Date],$A21,RawData[Slot],24)) | AB21: =IF($A21="","",COUNTIFS(RawData[Date],$A21,RawData[Slot],25)) | AC21: =IF($A21="","",COUNTIFS(RawData[Date],$A21,RawData[Slot],26)) | AD21: =IF($A21="","",COUNTIFS(RawData[Date],$A21,RawData[Slot],27)) | AE21: =IF($A21="","",COUNTIFS(RawData[Date],$A21,RawData[Slot],28)) | AF21: =IF($A21="","",COUNTIFS(RawData[Date],$A21,RawData[Slot],29)) | AG21: =IF($A21="","",COUNTIFS(RawData[Date],$A21,RawData[Slot],30)) | AH21: =IF($A21="","",COUNTIFS(RawData[Date],$A21,RawData[Slot],31)) | AI21: =IF($A21="","",COUNTIFS(RawData[Date],$A21,RawData[Slot],32)) | AJ21: =IF($A21="","",COUNTIFS(RawData[Date],$A21,RawData[Slot],33)) | AK21: =IF($A21="","",COUNTIFS(RawData[Date],$A21,RawData[Slot],34)) | AL21: =IF($A21="","",COUNTIFS(RawData[Date],$A21,RawData[Slot],35)) | AM21: =IF($A21="","",COUNTIFS(RawData[Date],$A21,RawData[Slot],36)) | AN21: =IF($A21="","",COUNTIFS(RawData[Date],$A21,RawData[Slot],37)) | AO21: =IF($A21="","",COUNTIFS(RawData[Date],$A21,RawData[Slot],38)) | AP21: =IF($A21="","",COUNTIFS(RawData[Date],$A21,RawData[Slot],39)) | AQ21: =IF($A21="","",COUNTIFS(RawData[Date],$A21,RawData[Slot],40)) | AR21: =IF($A21="","",COUNTIFS(RawData[Date],$A21,RawData[Slot],41)) | AS21: =IF($A21="","",COUNTIFS(RawData[Date],$A21,RawData[Slot],42)) | AT21: =IF($A21="","",COUNTIFS(RawData[Date],$A21,RawData[Slot],43)) | AU21: =IF($A21="","",COUNTIFS(RawData[Date],$A21,RawData[Slot],44)) | AV21: =IF($A21="","",COUNTIFS(RawData[Date],$A21,RawData[Slot],45)) | AW21: =IF($A21="","",COUNTIFS(RawData[Date],$A21,RawData[Slot],46)) | AX21: =IF($A21="","",COUNTIFS(RawData[Date],$A21,RawData[Slot],47)) | AY21: =IF(A21="","",SUM(C21:AX21))
B22: =IF(A22="","",CHOOSE(WEEKDAY(A22,2),"Monday","Tuesday","Wednesday","Thursday","Friday","Saturday","Sunday")) | C22: =IF($A22="","",COUNTIFS(RawData[Date],$A22,RawData[Slot],0)) | D22: =IF($A22="","",COUNTIFS(RawData[Date],$A22,RawData[Slot],1)) | E22: =IF($A22="","",COUNTIFS(RawData[Date],$A22,RawData[Slot],2)) | F22: =IF($A22="","",COUNTIFS(RawData[Date],$A22,RawData[Slot],3)) | G22: =IF($A22="","",COUNTIFS(RawData[Date],$A22,RawData[Slot],4)) | H22: =IF($A22="","",COUNTIFS(RawData[Date],$A22,RawData[Slot],5)) | I22: =IF($A22="","",COUNTIFS(RawData[Date],$A22,RawData[Slot],6)) | J22: =IF($A22="","",COUNTIFS(RawData[Date],$A22,RawData[Slot],7)) | K22: =IF($A22="","",COUNTIFS(RawData[Date],$A22,RawData[Slot],8)) | L22: =IF($A22="","",COUNTIFS(RawData[Date],$A22,RawData[Slot],9)) | M22: =IF($A22="","",COUNTIFS(RawData[Date],$A22,RawData[Slot],10)) | N22: =IF($A22="","",COUNTIFS(RawData[Date],$A22,RawData[Slot],11)) | O22: =IF($A22="","",COUNTIFS(RawData[Date],$A22,RawData[Slot],12)) | P22: =IF($A22="","",COUNTIFS(RawData[Date],$A22,RawData[Slot],13)) | Q22: =IF($A22="","",COUNTIFS(RawData[Date],$A22,RawData[Slot],14)) | R22: =IF($A22="","",COUNTIFS(RawData[Date],$A22,RawData[Slot],15)) | S22: =IF($A22="","",COUNTIFS(RawData[Date],$A22,RawData[Slot],16)) | T22: =IF($A22="","",COUNTIFS(RawData[Date],$A22,RawData[Slot],17)) | U22: =IF($A22="","",COUNTIFS(RawData[Date],$A22,RawData[Slot],18)) | V22: =IF($A22="","",COUNTIFS(RawData[Date],$A22,RawData[Slot],19)) | W22: =IF($A22="","",COUNTIFS(RawData[Date],$A22,RawData[Slot],20)) | X22: =IF($A22="","",COUNTIFS(RawData[Date],$A22,RawData[Slot],21)) | Y22: =IF($A22="","",COUNTIFS(RawData[Date],$A22,RawData[Slot],22)) | Z22: =IF($A22="","",COUNTIFS(RawData[Date],$A22,RawData[Slot],23)) | AA22: =IF($A22="","",COUNTIFS(RawData[Date],$A22,RawData[Slot],24)) | AB22: =IF($A22="","",COUNTIFS(RawData[Date],$A22,RawData[Slot],25)) | AC22: =IF($A22="","",COUNTIFS(RawData[Date],$A22,RawData[Slot],26)) | AD22: =IF($A22="","",COUNTIFS(RawData[Date],$A22,RawData[Slot],27)) | AE22: =IF($A22="","",COUNTIFS(RawData[Date],$A22,RawData[Slot],28)) | AF22: =IF($A22="","",COUNTIFS(RawData[Date],$A22,RawData[Slot],29)) | AG22: =IF($A22="","",COUNTIFS(RawData[Date],$A22,RawData[Slot],30)) | AH22: =IF($A22="","",COUNTIFS(RawData[Date],$A22,RawData[Slot],31)) | AI22: =IF($A22="","",COUNTIFS(RawData[Date],$A22,RawData[Slot],32)) | AJ22: =IF($A22="","",COUNTIFS(RawData[Date],$A22,RawData[Slot],33)) | AK22: =IF($A22="","",COUNTIFS(RawData[Date],$A22,RawData[Slot],34)) | AL22: =IF($A22="","",COUNTIFS(RawData[Date],$A22,RawData[Slot],35)) | AM22: =IF($A22="","",COUNTIFS(RawData[Date],$A22,RawData[Slot],36)) | AN22: =IF($A22="","",COUNTIFS(RawData[Date],$A22,RawData[Slot],37)) | AO22: =IF($A22="","",COUNTIFS(RawData[Date],$A22,RawData[Slot],38)) | AP22: =IF($A22="","",COUNTIFS(RawData[Date],$A22,RawData[Slot],39)) | AQ22: =IF($A22="","",COUNTIFS(RawData[Date],$A22,RawData[Slot],40)) | AR22: =IF($A22="","",COUNTIFS(RawData[Date],$A22,RawData[Slot],41)) | AS22: =IF($A22="","",COUNTIFS(RawData[Date],$A22,RawData[Slot],42)) | AT22: =IF($A22="","",COUNTIFS(RawData[Date],$A22,RawData[Slot],43)) | AU22: =IF($A22="","",COUNTIFS(RawData[Date],$A22,RawData[Slot],44)) | AV22: =IF($A22="","",COUNTIFS(RawData[Date],$A22,RawData[Slot],45)) | AW22: =IF($A22="","",COUNTIFS(RawData[Date],$A22,RawData[Slot],46)) | AX22: =IF($A22="","",COUNTIFS(RawData[Date],$A22,RawData[Slot],47)) | AY22: =IF(A22="","",SUM(C22:AX22))
... B90: =IF(A90="","",CHOOSE(WEEKDAY(A90,2),"Monday","Tuesday","Wednesday","Thursday","Friday","Saturday","Sunday")) | C90: =IF($A90="","",COUNTIFS(RawData[Date],$A90,RawData[Slot],0)) | D90: =IF($A90="","",COUNTIFS(RawData[Date],$A90,RawData[Slot],1)) | E90: =IF($A90="","",COUNTIFS(RawData[Date],$A90,RawData[Slot],2)) | F90: =IF($A90="","",COUNTIFS(RawData[Date],$A90,RawData[Slot],3)) | G90: =IF($A90="","",COUNTIFS(RawData[Date],$A90,RawData[Slot],4)) | H90: =IF($A90="","",COUNTIFS(RawData[Date],$A90,RawData[Slot],5)) | I90: =IF($A90="","",COUNTIFS(RawData[Date],$A90,RawData[Slot],6)) | J90: =IF($A90="","",COUNTIFS(RawData[Date],$A90,RawData[Slot],7)) | K90: =IF($A90="","",COUNTIFS(RawData[Date],$A90,RawData[Slot],8)) | L90: =IF($A90="","",COUNTIFS(RawData[Date],$A90,RawData[Slot],9)) | M90: =IF($A90="","",COUNTIFS(RawData[Date],$A90,RawData[Slot],10)) | N90: =IF($A90="","",COUNTIFS(RawData[Date],$A90,RawData[Slot],11)) | O90: =IF($A90="","",COUNTIFS(RawData[Date],$A90,RawData[Slot],12)) | P90: =IF($A90="","",COUNTIFS(RawData[Date],$A90,RawData[Slot],13)) | Q90: =IF($A90="","",COUNTIFS(RawData[Date],$A90,RawData[Slot],14)) | R90: =IF($A90="","",COUNTIFS(RawData[Date],$A90,RawData[Slot],15)) | S90: =IF($A90="","",COUNTIFS(RawData[Date],$A90,RawData[Slot],16)) | T90: =IF($A90="","",COUNTIFS(RawData[Date],$A90,RawData[Slot],17)) | U90: =IF($A90="","",COUNTIFS(RawData[Date],$A90,RawData[Slot],18)) | V90: =IF($A90="","",COUNTIFS(RawData[Date],$A90,RawData[Slot],19)) | W90: =IF($A90="","",COUNTIFS(RawData[Date],$A90,RawData[Slot],20)) | X90: =IF($A90="","",COUNTIFS(RawData[Date],$A90,RawData[Slot],21)) | Y90: =IF($A90="","",COUNTIFS(RawData[Date],$A90,RawData[Slot],22)) | Z90: =IF($A90="","",COUNTIFS(RawData[Date],$A90,RawData[Slot],23)) | AA90: =IF($A90="","",COUNTIFS(RawData[Date],$A90,RawData[Slot],24)) | AB90: =IF($A90="","",COUNTIFS(RawData[Date],$A90,RawData[Slot],25)) | AC90: =IF($A90="","",COUNTIFS(RawData[Date],$A90,RawData[Slot],26)) | AD90: =IF($A90="","",COUNTIFS(RawData[Date],$A90,RawData[Slot],27)) | AE90: =IF($A90="","",COUNTIFS(RawData[Date],$A90,RawData[Slot],28)) | AF90: =IF($A90="","",COUNTIFS(RawData[Date],$A90,RawData[Slot],29)) | AG90: =IF($A90="","",COUNTIFS(RawData[Date],$A90,RawData[Slot],30)) | AH90: =IF($A90="","",COUNTIFS(RawData[Date],$A90,RawData[Slot],31)) | AI90: =IF($A90="","",COUNTIFS(RawData[Date],$A90,RawData[Slot],32)) | AJ90: =IF($A90="","",COUNTIFS(RawData[Date],$A90,RawData[Slot],33)) | AK90: =IF($A90="","",COUNTIFS(RawData[Date],$A90,RawData[Slot],34)) | AL90: =IF($A90="","",COUNTIFS(RawData[Date],$A90,RawData[Slot],35)) | AM90: =IF($A90="","",COUNTIFS(RawData[Date],$A90,RawData[Slot],36)) | AN90: =IF($A90="","",COUNTIFS(RawData[Date],$A90,RawData[Slot],37)) | AO90: =IF($A90="","",COUNTIFS(RawData[Date],$A90,RawData[Slot],38)) | AP90: =IF($A90="","",COUNTIFS(RawData[Date],$A90,RawData[Slot],39)) | AQ90: =IF($A90="","",COUNTIFS(RawData[Date],$A90,RawData[Slot],40)) | AR90: =IF($A90="","",COUNTIFS(RawData[Date],$A90,RawData[Slot],41)) | AS90: =IF($A90="","",COUNTIFS(RawData[Date],$A90,RawData[Slot],42)) | AT90: =IF($A90="","",COUNTIFS(RawData[Date],$A90,RawData[Slot],43)) | AU90: =IF($A90="","",COUNTIFS(RawData[Date],$A90,RawData[Slot],44)) | AV90: =IF($A90="","",COUNTIFS(RawData[Date],$A90,RawData[Slot],45)) | AW90: =IF($A90="","",COUNTIFS(RawData[Date],$A90,RawData[Slot],46)) | AX90: =IF($A90="","",COUNTIFS(RawData[Date],$A90,RawData[Slot],47)) | AY90: =IF(A90="","",SUM(C90:AX90))
A91: Slot Total | C91: =SUM(C5:C90) -> 0 | D91: =SUM(D5:D90) -> 0 | E91: =SUM(E5:E90) -> 0 | F91: =SUM(F5:F90) -> 0 | G91: =SUM(G5:G90) -> 0 | H91: =SUM(H5:H90) -> 0 | I91: =SUM(I5:I90) -> 0 | J91: =SUM(J5:J90) -> 0 | ... AY91: =SUM(AY5:AY90) -> 26

Sheet Daily Summary
A1: Events per Day
A2: Refers to column A of the heatmap. Add new days there.
A3: Date | B3: Weekday | C3: Events | D3: First Time | E3: Last Time
A5: =IF('Heatmap Day x Time'!A5="","",'Heatmap Day x Time'!A5) -> 46150 | B5: =IF(A5="","",CHOOSE(WEEKDAY(A5,2),"Monday","Tuesday","Wednesday","Thursday","Friday","Saturday","Sunday")) -> Friday | C5: =IF(A5="","",COUNTIF(RawData[Date],A5)) -> 26 | D5: =IF(OR(A5="",C5=0),"",SUMPRODUCT(MIN(IF(RawData[[#This Row],[Date]]=A5,RawData[Time])))) -> 0.40208333 | E5: =IF(OR(A5="",C5=0),"",SUMPRODUCT(MAX(IF(RawData[[#This Row],[Date]]=A5,RawData[Time])))) -> 0.70625
A6: =IF('Heatmap Day x Time'!A6="","",'Heatmap Day x Time'!A6) -> 46153 | B6: =IF(A6="","",CHOOSE(WEEKDAY(A6,2),"Monday","Tuesday","Wednesday","Thursday","Friday","Saturday","Sunday")) -> Monday | C6: =IF(A6="","",COUNTIF(RawData[Date],A6)) -> 0 | D6: =IF(OR(A6="",C6=0),"",SUMPRODUCT(MIN(IF(RawData[[#This Row],[Date]]=A6,RawData[Time])))) | E6: =IF(OR(A6="",C6=0),"",SUMPRODUCT(MAX(IF(RawData[[#This Row],[Date]]=A6,RawData[Time]))))
A7: =IF('Heatmap Day x Time'!A7="","",'Heatmap Day x Time'!A7) -> 46154 | B7: =IF(A7="","",CHOOSE(WEEKDAY(A7,2),"Monday","Tuesday","Wednesday","Thursday","Friday","Saturday","Sunday")) -> Tuesday | C7: =IF(A7="","",COUNTIF(RawData[Date],A7)) -> 0 | D7: =IF(OR(A7="",C7=0),"",SUMPRODUCT(MIN(IF(RawData[[#This Row],[Date]]=A7,RawData[Time])))) | E7: =IF(OR(A7="",C7=0),"",SUMPRODUCT(MAX(IF(RawData[[#This Row],[Date]]=A7,RawData[Time]))))
A8: =IF('Heatmap Day x Time'!A8="","",'Heatmap Day x Time'!A8) -> 46155 | B8: =IF(A8="","",CHOOSE(WEEKDAY(A8,2),"Monday","Tuesday","Wednesday","Thursday","Friday","Saturday","Sunday")) -> Wednesday | C8: =IF(A8="","",COUNTIF(RawData[Date],A8)) -> 0 | D8: =IF(OR(A8="",C8=0),"",SUMPRODUCT(MIN(IF(RawData[[#This Row],[Date]]=A8,RawData[Time])))) | E8: =IF(OR(A8="",C8=0),"",SUMPRODUCT(MAX(IF(RawData[[#This Row],[Date]]=A8,RawData[Time]))))
A9: =IF('Heatmap Day x Time'!A9="","",'Heatmap Day x Time'!A9) -> 46156 | B9: =IF(A9="","",CHOOSE(WEEKDAY(A9,2),"Monday","Tuesday","Wednesday","Thursday","Friday","Saturday","Sunday")) -> Thursday | C9: =IF(A9="","",COUNTIF(RawData[Date],A9)) -> 0 | D9: =IF(OR(A9="",C9=0),"",SUMPRODUCT(MIN(IF(RawData[[#This Row],[Date]]=A9,RawData[Time])))) | E9: =IF(OR(A9="",C9=0),"",SUMPRODUCT(MAX(IF(RawData[[#This Row],[Date]]=A9,RawData[Time]))))
A10: =IF('Heatmap Day x Time'!A10="","",'Heatmap Day x Time'!A10) -> 46157 | B10: =IF(A10="","",CHOOSE(WEEKDAY(A10,2),"Monday","Tuesday","Wednesday","Thursday","Friday","Saturday","Sunday")) -> Friday | C10: =IF(A10="","",COUNTIF(RawData[Date],A10)) -> 0 | D10: =IF(OR(A10="",C10=0),"",SUMPRODUCT(MIN(IF(RawData[[#This Row],[Date]]=A10,RawData[Time])))) | E10: =IF(OR(A10="",C10=0),"",SUMPRODUCT(MAX(IF(RawData[[#This Row],[Date]]=A10,RawData[Time]))))
A11: =IF('Heatmap Day x Time'!A11="","",'Heatmap Day x Time'!A11) | B11: =IF(A11="","",CHOOSE(WEEKDAY(A11,2),"Monday","Tuesday","Wednesday","Thursday","Friday","Saturday","Sunday")) | C11: =IF(A11="","",COUNTIF(RawData[Date],A11)) | D11: =IF(OR(A11="",C11=0),"",SUMPRODUCT(MIN(IF(RawData[[#This Row],[Date]]=A11,RawData[Time])))) | E11: =IF(OR(A11="",C11=0),"",SUMPRODUCT(MAX(IF(RawData[[#This Row],[Date]]=A11,RawData[Time]))))
A12: =IF('Heatmap Day x Time'!A12="","",'Heatmap Day x Time'!A12) | B12: =IF(A12="","",CHOOSE(WEEKDAY(A12,2),"Monday","Tuesday","Wednesday","Thursday","Friday","Saturday","Sunday")) | C12: =IF(A12="","",COUNTIF(RawData[Date],A12)) | D12: =IF(OR(A12="",C12=0),"",SUMPRODUCT(MIN(IF(RawData[[#This Row],[Date]]=A12,RawData[Time])))) | E12: =IF(OR(A12="",C12=0),"",SUMPRODUCT(MAX(IF(RawData[[#This Row],[Date]]=A12,RawData[Time]))))
A13: =IF('Heatmap Day x Time'!A13="","",'Heatmap Day x Time'!A13) | B13: =IF(A13="","",CHOOSE(WEEKDAY(A13,2),"Monday","Tuesday","Wednesday","Thursday","Friday","Saturday","Sunday")) | C13: =IF(A13="","",COUNTIF(RawData[Date],A13)) | D13: =IF(OR(A13="",C13=0),"",SUMPRODUCT(MIN(IF(RawData[[#This Row],[Date]]=A13,RawData[Time])))) | E13: =IF(OR(A13="",C13=0),"",SUMPRODUCT(MAX(IF(RawData[[#This Row],[Date]]=A13,RawData[Time]))))
A14: =IF('Heatmap Day x Time'!A14="","",'Heatmap Day x Time'!A14) | B14: =IF(A14="","",CHOOSE(WEEKDAY(A14,2),"Monday","Tuesday","Wednesday","Thursday","Friday","Saturday","Sunday")) | C14: =IF(A14="","",COUNTIF(RawData[Date],A14)) | D14: =IF(OR(A14="",C14=0),"",SUMPRODUCT(MIN(IF(RawData[[#This Row],[Date]]=A14,RawData[Time])))) | E14: =IF(OR(A14="",C14=0),"",SUMPRODUCT(MAX(IF(RawData[[#This Row],[Date]]=A14,RawData[Time]))))
A15: =IF('Heatmap Day x Time'!A15="","",'Heatmap Day x Time'!A15) | B15: =IF(A15="","",CHOOSE(WEEKDAY(A15,2),"Monday","Tuesday","Wednesday","Thursday","Friday","Saturday","Sunday")) | C15: =IF(A15="","",COUNTIF(RawData[Date],A15)) | D15: =IF(OR(A15="",C15=0),"",SUMPRODUCT(MIN(IF(RawData[[#This Row],[Date]]=A15,RawData[Time])))) | E15: =IF(OR(A15="",C15=0),"",SUMPRODUCT(MAX(IF(RawData[[#This Row],[Date]]=A15,RawData[Time]))))
A16: =IF('Heatmap Day x Time'!A16="","",'Heatmap Day x Time'!A16) | B16: =IF(A16="","",CHOOSE(WEEKDAY(A16,2),"Monday","Tuesday","Wednesday","Thursday","Friday","Saturday","Sunday")) | C16: =IF(A16="","",COUNTIF(RawData[Date],A16)) | D16: =IF(OR(A16="",C16=0),"",SUMPRODUCT(MIN(IF(RawData[[#This Row],[Date]]=A16,RawData[Time])))) | E16: =IF(OR(A16="",C16=0),"",SUMPRODUCT(MAX(IF(RawData[[#This Row],[Date]]=A16,RawData[Time]))))
... A90: =IF('Heatmap Day x Time'!A90="","",'Heatmap Day x Time'!A90) | B90: =IF(A90="","",CHOOSE(WEEKDAY(A90,2),"Monday","Tuesday","Wednesday","Thursday","Friday","Saturday","Sunday")) | C90: =IF(A90="","",COUNTIF(RawData[Date],A90)) | D90: =IF(OR(A90="",C90=0),"",SUMPRODUCT(MIN(IF(RawData[[#This Row],[Date]]=A90,RawData[Time])))) | E90: =IF(OR(A90="",C90=0),"",SUMPRODUCT(MAX(IF(RawData[[#This Row],[Date]]=A90,RawData[Time]))))
A92: Total | C92: =SUM(C5:C90) -> 26

Sheet Time-of-Day Distribution
A1: Events by time of day (00:00 - 23:30, 30-minute resolution)
A3: Time | B3: Events total | C3: Share
A4: 00:00 - 00:29 | B4: =COUNTIF(RawData[Slot],0) -> 0 | C4: =IFERROR(B4/SUM($B$4:$B$51),0) -> 0
A5: 00:30 - 00:59 | B5: =COUNTIF(RawData[Slot],1) -> 0 | C5: =IFERROR(B5/SUM($B$4:$B$51),0) -> 0
A6: 01:00 - 01:29 | B6: =COUNTIF(RawData[Slot],2) -> 0 | C6: =IFERROR(B6/SUM($B$4:$B$51),0) -> 0
A7: 01:30 - 01:59 | B7: =COUNTIF(RawData[Slot],3) -> 0 | C7: =IFERROR(B7/SUM($B$4:$B$51),0) -> 0
A8: 02:00 - 02:29 | B8: =COUNTIF(RawData[Slot],4) -> 0 | C8: =IFERROR(B8/SUM($B$4:$B$51),0) -> 0
A9: 02:30 - 02:59 | B9: =COUNTIF(RawData[Slot],5) -> 0 | C9: =IFERROR(B9/SUM($B$4:$B$51),0) -> 0
A10: 03:00 - 03:29 | B10: =COUNTIF(RawData[Slot],6) -> 0 | C10: =IFERROR(B10/SUM($B$4:$B$51),0) -> 0
A11: 03:30 - 03:59 | B11: =COUNTIF(RawData[Slot],7) -> 0 | C11: =IFERROR(B11/SUM($B$4:$B$51),0) -> 0
A12: 04:00 - 04:29 | B12: =COUNTIF(RawData[Slot],8) -> 0 | C12: =IFERROR(B12/SUM($B$4:$B$51),0) -> 0
A13: 04:30 - 04:59 | B13: =COUNTIF(RawData[Slot],9) -> 0 | C13: =IFERROR(B13/SUM($B$4:$B$51),0) -> 0
A14: 05:00 - 05:29 | B14: =COUNTIF(RawData[Slot],10) -> 0 | C14: =IFERROR(B14/SUM($B$4:$B$51),0) -> 0
A15: 05:30 - 05:59 | B15: =COUNTIF(RawData[Slot],11) -> 0 | C15: =IFERROR(B15/SUM($B$4:$B$51),0) -> 0
A16: 06:00 - 06:29 | B16: =COUNTIF(RawData[Slot],12) -> 0 | C16: =IFERROR(B16/SUM($B$4:$B$51),0) -> 0
A17: 06:30 - 06:59 | B17: =COUNTIF(RawData[Slot],13) -> 0 | C17: =IFERROR(B17/SUM($B$4:$B$51),0) -> 0
A18: 07:00 - 07:29 | B18: =COUNTIF(RawData[Slot],14) -> 0 | C18: =IFERROR(B18/SUM($B$4:$B$51),0) -> 0
A19: 07:30 - 07:59 | B19: =COUNTIF(RawData[Slot],15) -> 0 | C19: =IFERROR(B19/SUM($B$4:$B$51),0) -> 0
A20: 08:00 - 08:29 | B20: =COUNTIF(RawData[Slot],16) -> 0 | C20: =IFERROR(B20/SUM($B$4:$B$51),0) -> 0
A21: 08:30 - 08:59 | B21: =COUNTIF(RawData[Slot],17) -> 0 | C21: =IFERROR(B21/SUM($B$4:$B$51),0) -> 0
A22: 09:00 - 09:29 | B22: =COUNTIF(RawData[Slot],18) -> 0 | C22: =IFERROR(B22/SUM($B$4:$B$51),0) -> 0
A23: 09:30 - 09:59 | B23: =COUNTIF(RawData[Slot],19) -> 6 | C23: =IFERROR(B23/SUM($B$4:$B$51),0) -> 0.23076923
A24: 10:00 - 10:29 | B24: =COUNTIF(RawData[Slot],20) -> 3 | C24: =IFERROR(B24/SUM($B$4:$B$51),0) -> 0.11538462
A25: 10:30 - 10:59 | B25: =COUNTIF(RawData[Slot],21) -> 1 | C25: =IFERROR(B25/SUM($B$4:$B$51),0) -> 0.038461538
A26: 11:00 - 11:29 | B26: =COUNTIF(RawData[Slot],22) -> 2 | C26: =IFERROR(B26/SUM($B$4:$B$51),0) -> 0.076923077
A27: 11:30 - 11:59 | B27: =COUNTIF(RawData[Slot],23) -> 2 | C27: =IFERROR(B27/SUM($B$4:$B$51),0) -> 0.076923077
A28: 12:00 - 12:29 | B28: =COUNTIF(RawData[Slot],24) -> 0 | C28: =IFERROR(B28/SUM($B$4:$B$51),0) -> 0
A29: 12:30 - 12:59 | B29: =COUNTIF(RawData[Slot],25) -> 3 | C29: =IFERROR(B29/SUM($B$4:$B$51),0) -> 0.11538462
A30: 13:00 - 13:29 | B30: =COUNTIF(RawData[Slot],26) -> 1 | C30: =IFERROR(B30/SUM($B$4:$B$51),0) -> 0.038461538
A31: 13:30 - 13:59 | B31: =COUNTIF(RawData[Slot],27) -> 0 | C31: =IFERROR(B31/SUM($B$4:$B$51),0) -> 0
A32: 14:00 - 14:29 | B32: =COUNTIF(RawData[Slot],28) -> 0 | C32: =IFERROR(B32/SUM($B$4:$B$51),0) -> 0
A33: 14:30 - 14:59 | B33: =COUNTIF(RawData[Slot],29) -> 0 | C33: =IFERROR(B33/SUM($B$4:$B$51),0) -> 0
A34: 15:00 - 15:29 | B34: =COUNTIF(RawData[Slot],30) -> 0 | C34: =IFERROR(B34/SUM($B$4:$B$51),0) -> 0
A35: 15:30 - 15:59 | B35: =COUNTIF(RawData[Slot],31) -> 5 | C35: =IFERROR(B35/SUM($B$4:$B$51),0) -> 0.19230769
A36: 16:00 - 16:29 | B36: =COUNTIF(RawData[Slot],32) -> 1 | C36: =IFERROR(B36/SUM($B$4:$B$51),0) -> 0.038461538
A37: 16:30 - 16:59 | B37: =COUNTIF(RawData[Slot],33) -> 2 | C37: =IFERROR(B37/SUM($B$4:$B$51),0) -> 0.076923077
A38: 17:00 - 17:29 | B38: =COUNTIF(RawData[Slot],34) -> 0 | C38: =IFERROR(B38/SUM($B$4:$B$51),0) -> 0
A39: 17:30 - 17:59 | B39: =COUNTIF(RawData[Slot],35) -> 0 | C39: =IFERROR(B39/SUM($B$4:$B$51),0) -> 0
A40: 18:00 - 18:29 | B40: =COUNTIF(RawData[Slot],36) -> 0 | C40: =IFERROR(B40/SUM($B$4:$B$51),0) -> 0
A41: 18:30 - 18:59 | B41: =COUNTIF(RawData[Slot],37) -> 0 | C41: =IFERROR(B41/SUM($B$4:$B$51),0) -> 0
A42: 19:00 - 19:29 | B42: =COUNTIF(RawData[Slot],38) -> 0 | C42: =IFERROR(B42/SUM($B$4:$B$51),0) -> 0
A43: 19:30 - 19:59 | B43: =COUNTIF(RawData[Slot],39) -> 0 | C43: =IFERROR(B43/SUM($B$4:$B$51),0) -> 0
A44: 20:00 - 20:29 | B44: =COUNTIF(RawData[Slot],40) -> 0 | C44: =IFERROR(B44/SUM($B$4:$B$51),0) -> 0
A45: 20:30 - 20:59 | B45: =COUNTIF(RawData[Slot],41) -> 0 | C45: =IFERROR(B45/SUM($B$4:$B$51),0) -> 0
A46: 21:00 - 21:29 | B46: =COUNTIF(RawData[Slot],42) -> 0 | C46: =IFERROR(B46/SUM($B$4:$B$51),0) -> 0
A47: 21:30 - 21:59 | B47: =COUNTIF(RawData[Slot],43) -> 0 | C47: =IFERROR(B47/SUM($B$4:$B$51),0) -> 0
A48: 22:00 - 22:29 | B48: =COUNTIF(RawData[Slot],44) -> 0 | C48: =IFERROR(B48/SUM($B$4:$B$51),0) -> 0
A49: 22:30 - 22:59 | B49: =COUNTIF(RawData[Slot],45) -> 0 | C49: =IFERROR(B49/SUM($B$4:$B$51),0) -> 0
A50: 23:00 - 23:29 | B50: =COUNTIF(RawData[Slot],46) -> 0 | C50: =IFERROR(B50/SUM($B$4:$B$51),0) -> 0
A51: 23:30 - 23:59 | B51: =COUNTIF(RawData[Slot],47) -> 0 | C51: =IFERROR(B51/SUM($B$4:$B$51),0) -> 0
A52: Total | B52: =SUM(B4:B51) -> 26 | C52: =SUM(C4:C51) -> 1

Sheet Weekday x Time
A1: Events: Weekday × Time (30-minute resolution)
A2: Aggregated over all logged days. Updates automatically.
A4: Weekday | B4: 00:00 | C4: 00:30 | D4: 01:00 | E4: 01:30 | F4: 02:00 | G4: 02:30 | H4: 03:00 | I4: 03:30 | J4: 04:00 | K4: 04:30 | L4: 05:00 | M4: 05:30 | N4: 06:00 | O4: 06:30 | P4: 07:00 | Q4: 07:30 | R4: 08:00 | S4: 08:30 | T4: 09:00 | U4: 09:30 | V4: 10:00 | W4: 10:30 | X4: 11:00 | Y4: 11:30 | Z4: 12:00 | AA4: 12:30 | AB4: 13:00 | AC4: 13:30 | AD4: 14:00 | AE4: 14:30 | AF4: 15:00 | AG4: 15:30 | AH4: 16:00 | AI4: 16:30 | AJ4: 17:00 | AK4: 17:30 | AL4: 18:00 | AM4: 18:30 | AN4: 19:00 | AO4: 19:30 | AP4: 20:00 | AQ4: 20:30 | AR4: 21:00 | AS4: 21:30 | AT4: 22:00 | AU4: 22:30 | AV4: 23:00 | AW4: 23:30 | AX4: Total
A5: Monday | B5: =SUMPRODUCT((WEEKDAY(RawData[Date],2)=1)*(RawData[Slot]=0)) -> 0 | C5: =SUMPRODUCT((WEEKDAY(RawData[Date],2)=1)*(RawData[Slot]=1)) -> 0 | D5: =SUMPRODUCT((WEEKDAY(RawData[Date],2)=1)*(RawData[Slot]=2)) -> 0 | E5: =SUMPRODUCT((WEEKDAY(RawData[Date],2)=1)*(RawData[Slot]=3)) -> 0 | F5: =SUMPRODUCT((WEEKDAY(RawData[Date],2)=1)*(RawData[Slot]=4)) -> 0 | G5: =SUMPRODUCT((WEEKDAY(RawData[Date],2)=1)*(RawData[Slot]=5)) -> 0 | H5: =SUMPRODUCT((WEEKDAY(RawData[Date],2)=1)*(RawData[Slot]=6)) -> 0 | I5: =SUMPRODUCT((WEEKDAY(RawData[Date],2)=1)*(RawData[Slot]=7)) -> 0 | J5: =SUMPRODUCT((WEEKDAY(RawData[Date],2)=1)*(RawData[Slot]=8)) -> 0 | K5: =SUMPRODUCT((WEEKDAY(RawData[Date],2)=1)*(RawData[Slot]=9)) -> 0 | L5: =SUMPRODUCT((WEEKDAY(RawData[Date],2)=1)*(RawData[Slot]=10)) -> 0 | M5: =SUMPRODUCT((WEEKDAY(RawData[Date],2)=1)*(RawData[Slot]=11)) -> 0 | N5: =SUMPRODUCT((WEEKDAY(RawData[Date],2)=1)*(RawData[Slot]=12)) -> 0 | O5: =SUMPRODUCT((WEEKDAY(RawData[Date],2)=1)*(RawData[Slot]=13)) -> 0 | P5: =SUMPRODUCT((WEEKDAY(RawData[Date],2)=1)*(RawData[Slot]=14)) -> 0 | Q5: =SUMPRODUCT((WEEKDAY(RawData[Date],2)=1)*(RawData[Slot]=15)) -> 0 | R5: =SUMPRODUCT((WEEKDAY(RawData[Date],2)=1)*(RawData[Slot]=16)) -> 0 | S5: =SUMPRODUCT((WEEKDAY(RawData[Date],2)=1)*(RawData[Slot]=17)) -> 0 | T5: =SUMPRODUCT((WEEKDAY(RawData[Date],2)=1)*(RawData[Slot]=18)) -> 0 | U5: =SUMPRODUCT((WEEKDAY(RawData[Date],2)=1)*(RawData[Slot]=19)) -> 0 | V5: =SUMPRODUCT((WEEKDAY(RawData[Date],2)=1)*(RawData[Slot]=20)) -> 0 | W5: =SUMPRODUCT((WEEKDAY(RawData[Date],2)=1)*(RawData[Slot]=21)) -> 0 | X5: =SUMPRODUCT((WEEKDAY(RawData[Date],2)=1)*(RawData[Slot]=22)) -> 0 | Y5: =SUMPRODUCT((WEEKDAY(RawData[Date],2)=1)*(RawData[Slot]=23)) -> 0 | Z5: =SUMPRODUCT((WEEKDAY(RawData[Date],2)=1)*(RawData[Slot]=24)) -> 0 | AA5: =SUMPRODUCT((WEEKDAY(RawData[Date],2)=1)*(RawData[Slot]=25)) -> 0 | AB5: =SUMPRODUCT((WEEKDAY(RawData[Date],2)=1)*(RawData[Slot]=26)) -> 0 | AC5: =SUMPRODUCT((WEEKDAY(RawData[Date],2)=1)*(RawData[Slot]=27)) -> 0 | AD5: =SUMPRODUCT((WEEKDAY(RawData[Date],2)=1)*(RawData[Slot]=28)) -> 0 | AE5: =SUMPRODUCT((WEEKDAY(RawData[Date],2)=1)*(RawData[Slot]=29)) -> 0 | AF5: =SUMPRODUCT((WEEKDAY(RawData[Date],2)=1)*(RawData[Slot]=30)) -> 0 | AG5: =SUMPRODUCT((WEEKDAY(RawData[Date],2)=1)*(RawData[Slot]=31)) -> 0 | AH5: =SUMPRODUCT((WEEKDAY(RawData[Date],2)=1)*(RawData[Slot]=32)) -> 0 | AI5: =SUMPRODUCT((WEEKDAY(RawData[Date],2)=1)*(RawData[Slot]=33)) -> 0 | AJ5: =SUMPRODUCT((WEEKDAY(RawData[Date],2)=1)*(RawData[Slot]=34)) -> 0 | AK5: =SUMPRODUCT((WEEKDAY(RawData[Date],2)=1)*(RawData[Slot]=35)) -> 0 | AL5: =SUMPRODUCT((WEEKDAY(RawData[Date],2)=1)*(RawData[Slot]=36)) -> 0 | AM5: =SUMPRODUCT((WEEKDAY(RawData[Date],2)=1)*(RawData[Slot]=37)) -> 0 | AN5: =SUMPRODUCT((WEEKDAY(RawData[Date],2)=1)*(RawData[Slot]=38)) -> 0 | AO5: =SUMPRODUCT((WEEKDAY(RawData[Date],2)=1)*(RawData[Slot]=39)) -> 0 | AP5: =SUMPRODUCT((WEEKDAY(RawData[Date],2)=1)*(RawData[Slot]=40)) -> 0 | AQ5: =SUMPRODUCT((WEEKDAY(RawData[Date],2)=1)*(RawData[Slot]=41)) -> 0 | AR5: =SUMPRODUCT((WEEKDAY(RawData[Date],2)=1)*(RawData[Slot]=42)) -> 0 | AS5: =SUMPRODUCT((WEEKDAY(RawData[Date],2)=1)*(RawData[Slot]=43)) -> 0 | AT5: =SUMPRODUCT((WEEKDAY(RawData[Date],2)=1)*(RawData[Slot]=44)) -> 0 | AU5: =SUMPRODUCT((WEEKDAY(RawData[Date],2)=1)*(RawData[Slot]=45)) -> 0 | AV5: =SUMPRODUCT((WEEKDAY(RawData[Date],2)=1)*(RawData[Slot]=46)) -> 0 | AW5: =SUMPRODUCT((WEEKDAY(RawData[Date],2)=1)*(RawData[Slot]=47)) -> 0 | AX5: =SUM(B5:AW5) -> 0
A6: Tuesday | B6: =SUMPRODUCT((WEEKDAY(RawData[Date],2)=2)*(RawData[Slot]=0)) -> 0 | C6: =SUMPRODUCT((WEEKDAY(RawData[Date],2)=2)*(RawData[Slot]=1)) -> 0 | D6: =SUMPRODUCT((WEEKDAY(RawData[Date],2)=2)*(RawData[Slot]=2)) -> 0 | E6: =SUMPRODUCT((WEEKDAY(RawData[Date],2)=2)*(RawData[Slot]=3)) -> 0 | F6: =SUMPRODUCT((WEEKDAY(RawData[Date],2)=2)*(RawData[Slot]=4)) -> 0 | G6: =SUMPRODUCT((WEEKDAY(RawData[Date],2)=2)*(RawData[Slot]=5)) -> 0 | H6: =SUMPRODUCT((WEEKDAY(RawData[Date],2)=2)*(RawData[Slot]=6)) -> 0 | I6: =SUMPRODUCT((WEEKDAY(RawData[Date],2)=2)*(RawData[Slot]=7)) -> 0 | J6: =SUMPRODUCT((WEEKDAY(RawData[Date],2)=2)*(RawData[Slot]=8)) -> 0 | K6: =SUMPRODUCT((WEEKDAY(RawData[Date],2)=2)*(RawData[Slot]=9)) -> 0 | L6: =SUMPRODUCT((WEEKDAY(RawData[Date],2)=2)*(RawData[Slot]=10)) -> 0 | M6: =SUMPRODUCT((WEEKDAY(RawData[Date],2)=2)*(RawData[Slot]=11)) -> 0 | N6: =SUMPRODUCT((WEEKDAY(RawData[Date],2)=2)*(RawData[Slot]=12)) -> 0 | O6: =SUMPRODUCT((WEEKDAY(RawData[Date],2)=2)*(RawData[Slot]=13)) -> 0 | P6: =SUMPRODUCT((WEEKDAY(RawData[Date],2)=2)*(RawData[Slot]=14)) -> 0 | Q6: =SUMPRODUCT((WEEKDAY(RawData[Date],2)=2)*(RawData[Slot]=15)) -> 0 | R6: =SUMPRODUCT((WEEKDAY(RawData[Date],2)=2)*(RawData[Slot]=16)) -> 0 | S6: =SUMPRODUCT((WEEKDAY(RawData[Date],2)=2)*(RawData[Slot]=17)) -> 0 | T6: =SUMPRODUCT((WEEKDAY(RawData[Date],2)=2)*(RawData[Slot]=18)) -> 0 | U6: =SUMPRODUCT((WEEKDAY(RawData[Date],2)=2)*(RawData[Slot]=19)) -> 0 | V6: =SUMPRODUCT((WEEKDAY(RawData[Date],2)=2)*(RawData[Slot]=20)) -> 0 | W6: =SUMPRODUCT((WEEKDAY(RawData[Date],2)=2)*(RawData[Slot]=21)) -> 0 | X6: =SUMPRODUCT((WEEKDAY(RawData[Date],2)=2)*(RawData[Slot]=22)) -> 0 | Y6: =SUMPRODUCT((WEEKDAY(RawData[Date],2)=2)*(RawData[Slot]=23)) -> 0 | Z6: =SUMPRODUCT((WEEKDAY(RawData[Date],2)=2)*(RawData[Slot]=24)) -> 0 | AA6: =SUMPRODUCT((WEEKDAY(RawData[Date],2)=2)*(RawData[Slot]=25)) -> 0 | AB6: =SUMPRODUCT((WEEKDAY(RawData[Date],2)=2)*(RawData[Slot]=26)) -> 0 | AC6: =SUMPRODUCT((WEEKDAY(RawData[Date],2)=2)*(RawData[Slot]=27)) -> 0 | AD6: =SUMPRODUCT((WEEKDAY(RawData[Date],2)=2)*(RawData[Slot]=28)) -> 0 | AE6: =SUMPRODUCT((WEEKDAY(RawData[Date],2)=2)*(RawData[Slot]=29)) -> 0 | AF6: =SUMPRODUCT((WEEKDAY(RawData[Date],2)=2)*(RawData[Slot]=30)) -> 0 | AG6: =SUMPRODUCT((WEEKDAY(RawData[Date],2)=2)*(RawData[Slot]=31)) -> 0 | AH6: =SUMPRODUCT((WEEKDAY(RawData[Date],2)=2)*(RawData[Slot]=32)) -> 0 | AI6: =SUMPRODUCT((WEEKDAY(RawData[Date],2)=2)*(RawData[Slot]=33)) -> 0 | AJ6: =SUMPRODUCT((WEEKDAY(RawData[Date],2)=2)*(RawData[Slot]=34)) -> 0 | AK6: =SUMPRODUCT((WEEKDAY(RawData[Date],2)=2)*(RawData[Slot]=35)) -> 0 | AL6: =SUMPRODUCT((WEEKDAY(RawData[Date],2)=2)*(RawData[Slot]=36)) -> 0 | AM6: =SUMPRODUCT((WEEKDAY(RawData[Date],2)=2)*(RawData[Slot]=37)) -> 0 | AN6: =SUMPRODUCT((WEEKDAY(RawData[Date],2)=2)*(RawData[Slot]=38)) -> 0 | AO6: =SUMPRODUCT((WEEKDAY(RawData[Date],2)=2)*(RawData[Slot]=39)) -> 0 | AP6: =SUMPRODUCT((WEEKDAY(RawData[Date],2)=2)*(RawData[Slot]=40)) -> 0 | AQ6: =SUMPRODUCT((WEEKDAY(RawData[Date],2)=2)*(RawData[Slot]=41)) -> 0 | AR6: =SUMPRODUCT((WEEKDAY(RawData[Date],2)=2)*(RawData[Slot]=42)) -> 0 | AS6: =SUMPRODUCT((WEEKDAY(RawData[Date],2)=2)*(RawData[Slot]=43)) -> 0 | AT6: =SUMPRODUCT((WEEKDAY(RawData[Date],2)=2)*(RawData[Slot]=44)) -> 0 | AU6: =SUMPRODUCT((WEEKDAY(RawData[Date],2)=2)*(RawData[Slot]=45)) -> 0 | AV6: =SUMPRODUCT((WEEKDAY(RawData[Date],2)=2)*(RawData[Slot]=46)) -> 0 | AW6: =SUMPRODUCT((WEEKDAY(RawData[Date],2)=2)*(RawData[Slot]=47)) -> 0 | AX6: =SUM(B6:AW6) -> 0
A7: Wednesday | B7: =SUMPRODUCT((WEEKDAY(RawData[Date],2)=3)*(RawData[Slot]=0)) -> 0 | C7: =SUMPRODUCT((WEEKDAY(RawData[Date],2)=3)*(RawData[Slot]=1)) -> 0 | D7: =SUMPRODUCT((WEEKDAY(RawData[Date],2)=3)*(RawData[Slot]=2)) -> 0 | E7: =SUMPRODUCT((WEEKDAY(RawData[Date],2)=3)*(RawData[Slot]=3)) -> 0 | F7: =SUMPRODUCT((WEEKDAY(RawData[Date],2)=3)*(RawData[Slot]=4)) -> 0 | G7: =SUMPRODUCT((WEEKDAY(RawData[Date],2)=3)*(RawData[Slot]=5)) -> 0 | H7: =SUMPRODUCT((WEEKDAY(RawData[Date],2)=3)*(RawData[Slot]=6)) -> 0 | I7: =SUMPRODUCT((WEEKDAY(RawData[Date],2)=3)*(RawData[Slot]=7)) -> 0 | J7: =SUMPRODUCT((WEEKDAY(RawData[Date],2)=3)*(RawData[Slot]=8)) -> 0 | K7: =SUMPRODUCT((WEEKDAY(RawData[Date],2)=3)*(RawData[Slot]=9)) -> 0 | L7: =SUMPRODUCT((WEEKDAY(RawData[Date],2)=3)*(RawData[Slot]=10)) -> 0 | M7: =SUMPRODUCT((WEEKDAY(RawData[Date],2)=3)*(RawData[Slot]=11)) -> 0 | N7: =SUMPRODUCT((WEEKDAY(RawData[Date],2)=3)*(RawData[Slot]=12)) -> 0 | O7: =SUMPRODUCT((WEEKDAY(RawData[Date],2)=3)*(RawData[Slot]=13)) -> 0 | P7: =SUMPRODUCT((WEEKDAY(RawData[Date],2)=3)*(RawData[Slot]=14)) -> 0 | Q7: =SUMPRODUCT((WEEKDAY(RawData[Date],2)=3)*(RawData[Slot]=15)) -> 0 | R7: =SUMPRODUCT((WEEKDAY(RawData[Date],2)=3)*(RawData[Slot]=16)) -> 0 | S7: =SUMPRODUCT((WEEKDAY(RawData[Date],2)=3)*(RawData[Slot]=17)) -> 0 | T7: =SUMPRODUCT((WEEKDAY(RawData[Date],2)=3)*(RawData[Slot]=18)) -> 0 | U7: =SUMPRODUCT((WEEKDAY(RawData[Date],2)=3)*(RawData[Slot]=19)) -> 0 | V7: =SUMPRODUCT((WEEKDAY(RawData[Date],2)=3)*(RawData[Slot]=20)) -> 0 | W7: =SUMPRODUCT((WEEKDAY(RawData[Date],2)=3)*(RawData[Slot]=21)) -> 0 | X7: =SUMPRODUCT((WEEKDAY(RawData[Date],2)=3)*(RawData[Slot]=22)) -> 0 | Y7: =SUMPRODUCT((WEEKDAY(RawData[Date],2)=3)*(RawData[Slot]=23)) -> 0 | Z7: =SUMPRODUCT((WEEKDAY(RawData[Date],2)=3)*(RawData[Slot]=24)) -> 0 | AA7: =SUMPRODUCT((WEEKDAY(RawData[Date],2)=3)*(RawData[Slot]=25)) -> 0 | AB7: =SUMPRODUCT((WEEKDAY(RawData[Date],2)=3)*(RawData[Slot]=26)) -> 0 | AC7: =SUMPRODUCT((WEEKDAY(RawData[Date],2)=3)*(RawData[Slot]=27)) -> 0 | AD7: =SUMPRODUCT((WEEKDAY(RawData[Date],2)=3)*(RawData[Slot]=28)) -> 0 | AE7: =SUMPRODUCT((WEEKDAY(RawData[Date],2)=3)*(RawData[Slot]=29)) -> 0 | AF7: =SUMPRODUCT((WEEKDAY(RawData[Date],2)=3)*(RawData[Slot]=30)) -> 0 | AG7: =SUMPRODUCT((WEEKDAY(RawData[Date],2)=3)*(RawData[Slot]=31)) -> 0 | AH7: =SUMPRODUCT((WEEKDAY(RawData[Date],2)=3)*(RawData[Slot]=32)) -> 0 | AI7: =SUMPRODUCT((WEEKDAY(RawData[Date],2)=3)*(RawData[Slot]=33)) -> 0 | AJ7: =SUMPRODUCT((WEEKDAY(RawData[Date],2)=3)*(RawData[Slot]=34)) -> 0 | AK7: =SUMPRODUCT((WEEKDAY(RawData[Date],2)=3)*(RawData[Slot]=35)) -> 0 | AL7: =SUMPRODUCT((WEEKDAY(RawData[Date],2)=3)*(RawData[Slot]=36)) -> 0 | AM7: =SUMPRODUCT((WEEKDAY(RawData[Date],2)=3)*(RawData[Slot]=37)) -> 0 | AN7: =SUMPRODUCT((WEEKDAY(RawData[Date],2)=3)*(RawData[Slot]=38)) -> 0 | AO7: =SUMPRODUCT((WEEKDAY(RawData[Date],2)=3)*(RawData[Slot]=39)) -> 0 | AP7: =SUMPRODUCT((WEEKDAY(RawData[Date],2)=3)*(RawData[Slot]=40)) -> 0 | AQ7: =SUMPRODUCT((WEEKDAY(RawData[Date],2)=3)*(RawData[Slot]=41)) -> 0 | AR7: =SUMPRODUCT((WEEKDAY(RawData[Date],2)=3)*(RawData[Slot]=42)) -> 0 | AS7: =SUMPRODUCT((WEEKDAY(RawData[Date],2)=3)*(RawData[Slot]=43)) -> 0 | AT7: =SUMPRODUCT((WEEKDAY(RawData[Date],2)=3)*(RawData[Slot]=44)) -> 0 | AU7: =SUMPRODUCT((WEEKDAY(RawData[Date],2)=3)*(RawData[Slot]=45)) -> 0 | AV7: =SUMPRODUCT((WEEKDAY(RawData[Date],2)=3)*(RawData[Slot]=46)) -> 0 | AW7: =SUMPRODUCT((WEEKDAY(RawData[Date],2)=3)*(RawData[Slot]=47)) -> 0 | AX7: =SUM(B7:AW7) -> 0
A8: Thursday | B8: =SUMPRODUCT((WEEKDAY(RawData[Date],2)=4)*(RawData[Slot]=0)) -> 0 | C8: =SUMPRODUCT((WEEKDAY(RawData[Date],2)=4)*(RawData[Slot]=1)) -> 0 | D8: =SUMPRODUCT((WEEKDAY(RawData[Date],2)=4)*(RawData[Slot]=2)) -> 0 | E8: =SUMPRODUCT((WEEKDAY(RawData[Date],2)=4)*(RawData[Slot]=3)) -> 0 | F8: =SUMPRODUCT((WEEKDAY(RawData[Date],2)=4)*(RawData[Slot]=4)) -> 0 | G8: =SUMPRODUCT((WEEKDAY(RawData[Date],2)=4)*(RawData[Slot]=5)) -> 0 | H8: =SUMPRODUCT((WEEKDAY(RawData[Date],2)=4)*(RawData[Slot]=6)) -> 0 | I8: =SUMPRODUCT((WEEKDAY(RawData[Date],2)=4)*(RawData[Slot]=7)) -> 0 | J8: =SUMPRODUCT((WEEKDAY(RawData[Date],2)=4)*(RawData[Slot]=8)) -> 0 | K8: =SUMPRODUCT((WEEKDAY(RawData[Date],2)=4)*(RawData[Slot]=9)) -> 0 | L8: =SUMPRODUCT((WEEKDAY(RawData[Date],2)=4)*(RawData[Slot]=10)) -> 0 | M8: =SUMPRODUCT((WEEKDAY(RawData[Date],2)=4)*(RawData[Slot]=11)) -> 0 | N8: =SUMPRODUCT((WEEKDAY(RawData[Date],2)=4)*(RawData[Slot]=12)) -> 0 | O8: =SUMPRODUCT((WEEKDAY(RawData[Date],2)=4)*(RawData[Slot]=13)) -> 0 | P8: =SUMPRODUCT((WEEKDAY(RawData[Date],2)=4)*(RawData[Slot]=14)) -> 0 | Q8: =SUMPRODUCT((WEEKDAY(RawData[Date],2)=4)*(RawData[Slot]=15)) -> 0 | R8: =SUMPRODUCT((WEEKDAY(RawData[Date],2)=4)*(RawData[Slot]=16)) -> 0 | S8: =SUMPRODUCT((WEEKDAY(RawData[Date],2)=4)*(RawData[Slot]=17)) -> 0 | T8: =SUMPRODUCT((WEEKDAY(RawData[Date],2)=4)*(RawData[Slot]=18)) -> 0 | U8: =SUMPRODUCT((WEEKDAY(RawData[Date],2)=4)*(RawData[Slot]=19)) -> 0 | V8: =SUMPRODUCT((WEEKDAY(RawData[Date],2)=4)*(RawData[Slot]=20)) -> 0 | W8: =SUMPRODUCT((WEEKDAY(RawData[Date],2)=4)*(RawData[Slot]=21)) -> 0 | X8: =SUMPRODUCT((WEEKDAY(RawData[Date],2)=4)*(RawData[Slot]=22)) -> 0 | Y8: =SUMPRODUCT((WEEKDAY(RawData[Date],2)=4)*(RawData[Slot]=23)) -> 0 | Z8: =SUMPRODUCT((WEEKDAY(RawData[Date],2)=4)*(RawData[Slot]=24)) -> 0 | AA8: =SUMPRODUCT((WEEKDAY(RawData[Date],2)=4)*(RawData[Slot]=25)) -> 0 | AB8: =SUMPRODUCT((WEEKDAY(RawData[Date],2)=4)*(RawData[Slot]=26)) -> 0 | AC8: =SUMPRODUCT((WEEKDAY(RawData[Date],2)=4)*(RawData[Slot]=27)) -> 0 | AD8: =SUMPRODUCT((WEEKDAY(RawData[Date],2)=4)*(RawData[Slot]=28)) -> 0 | AE8: =SUMPRODUCT((WEEKDAY(RawData[Date],2)=4)*(RawData[Slot]=29)) -> 0 | AF8: =SUMPRODUCT((WEEKDAY(RawData[Date],2)=4)*(RawData[Slot]=30)) -> 0 | AG8: =SUMPRODUCT((WEEKDAY(RawData[Date],2)=4)*(RawData[Slot]=31)) -> 0 | AH8: =SUMPRODUCT((WEEKDAY(RawData[Date],2)=4)*(RawData[Slot]=32)) -> 0 | AI8: =SUMPRODUCT((WEEKDAY(RawData[Date],2)=4)*(RawData[Slot]=33)) -> 0 | AJ8: =SUMPRODUCT((WEEKDAY(RawData[Date],2)=4)*(RawData[Slot]=34)) -> 0 | AK8: =SUMPRODUCT((WEEKDAY(RawData[Date],2)=4)*(RawData[Slot]=35)) -> 0 | AL8: =SUMPRODUCT((WEEKDAY(RawData[Date],2)=4)*(RawData[Slot]=36)) -> 0 | AM8: =SUMPRODUCT((WEEKDAY(RawData[Date],2)=4)*(RawData[Slot]=37)) -> 0 | AN8: =SUMPRODUCT((WEEKDAY(RawData[Date],2)=4)*(RawData[Slot]=38)) -> 0 | AO8: =SUMPRODUCT((WEEKDAY(RawData[Date],2)=4)*(RawData[Slot]=39)) -> 0 | AP8: =SUMPRODUCT((WEEKDAY(RawData[Date],2)=4)*(RawData[Slot]=40)) -> 0 | AQ8: =SUMPRODUCT((WEEKDAY(RawData[Date],2)=4)*(RawData[Slot]=41)) -> 0 | AR8: =SUMPRODUCT((WEEKDAY(RawData[Date],2)=4)*(RawData[Slot]=42)) -> 0 | AS8: =SUMPRODUCT((WEEKDAY(RawData[Date],2)=4)*(RawData[Slot]=43)) -> 0 | AT8: =SUMPRODUCT((WEEKDAY(RawData[Date],2)=4)*(RawData[Slot]=44)) -> 0 | AU8: =SUMPRODUCT((WEEKDAY(RawData[Date],2)=4)*(RawData[Slot]=45)) -> 0 | AV8: =SUMPRODUCT((WEEKDAY(RawData[Date],2)=4)*(RawData[Slot]=46)) -> 0 | AW8: =SUMPRODUCT((WEEKDAY(RawData[Date],2)=4)*(RawData[Slot]=47)) -> 0 | AX8: =SUM(B8:AW8) -> 0
A9: Friday | B9: =SUMPRODUCT((WEEKDAY(RawData[Date],2)=5)*(RawData[Slot]=0)) -> 0 | C9: =SUMPRODUCT((WEEKDAY(RawData[Date],2)=5)*(RawData[Slot]=1)) -> 0 | D9: =SUMPRODUCT((WEEKDAY(RawData[Date],2)=5)*(RawData[Slot]=2)) -> 0 | E9: =SUMPRODUCT((WEEKDAY(RawData[Date],2)=5)*(RawData[Slot]=3)) -> 0 | F9: =SUMPRODUCT((WEEKDAY(RawData[Date],2)=5)*(RawData[Slot]=4)) -> 0 | G9: =SUMPRODUCT((WEEKDAY(RawData[Date],2)=5)*(RawData[Slot]=5)) -> 0 | H9: =SUMPRODUCT((WEEKDAY(RawData[Date],2)=5)*(RawData[Slot]=6)) -> 0 | I9: =SUMPRODUCT((WEEKDAY(RawData[Date],2)=5)*(RawData[Slot]=7)) -> 0 | J9: =SUMPRODUCT((WEEKDAY(RawData[Date],2)=5)*(RawData[Slot]=8)) -> 0 | K9: =SUMPRODUCT((WEEKDAY(RawData[Date],2)=5)*(RawData[Slot]=9)) -> 0 | L9: =SUMPRODUCT((WEEKDAY(RawData[Date],2)=5)*(RawData[Slot]=10)) -> 0 | M9: =SUMPRODUCT((WEEKDAY(RawData[Date],2)=5)*(RawData[Slot]=11)) -> 0 | N9: =SUMPRODUCT((WEEKDAY(RawData[Date],2)=5)*(RawData[Slot]=12)) -> 0 | O9: =SUMPRODUCT((WEEKDAY(RawData[Date],2)=5)*(RawData[Slot]=13)) -> 0 | P9: =SUMPRODUCT((WEEKDAY(RawData[Date],2)=5)*(RawData[Slot]=14)) -> 0 | Q9: =SUMPRODUCT((WEEKDAY(RawData[Date],2)=5)*(RawData[Slot]=15)) -> 0 | R9: =SUMPRODUCT((WEEKDAY(RawData[Date],2)=5)*(RawData[Slot]=16)) -> 0 | S9: =SUMPRODUCT((WEEKDAY(RawData[Date],2)=5)*(RawData[Slot]=17)) -> 0 | T9: =SUMPRODUCT((WEEKDAY(RawData[Date],2)=5)*(RawData[Slot]=18)) -> 0 | U9: =SUMPRODUCT((WEEKDAY(RawData[Date],2)=5)*(RawData[Slot]=19)) -> 6 | V9: =SUMPRODUCT((WEEKDAY(RawData[Date],2)=5)*(RawData[Slot]=20)) -> 3 | W9: =SUMPRODUCT((WEEKDAY(RawData[Date],2)=5)*(RawData[Slot]=21)) -> 1 | X9: =SUMPRODUCT((WEEKDAY(RawData[Date],2)=5)*(RawData[Slot]=22)) -> 2 | Y9: =SUMPRODUCT((WEEKDAY(RawData[Date],2)=5)*(RawData[Slot]=23)) -> 2 | Z9: =SUMPRODUCT((WEEKDAY(RawData[Date],2)=5)*(RawData[Slot]=24)) -> 0 | AA9: =SUMPRODUCT((WEEKDAY(RawData[Date],2)=5)*(RawData[Slot]=25)) -> 3 | AB9: =SUMPRODUCT((WEEKDAY(RawData[Date],2)=5)*(RawData[Slot]=26)) -> 1 | AC9: =SUMPRODUCT((WEEKDAY(RawData[Date],2)=5)*(RawData[Slot]=27)) -> 0 | AD9: =SUMPRODUCT((WEEKDAY(RawData[Date],2)=5)*(RawData[Slot]=28)) -> 0 | AE9: =SUMPRODUCT((WEEKDAY(RawData[Date],2)=5)*(RawData[Slot]=29)) -> 0 | AF9: =SUMPRODUCT((WEEKDAY(RawData[Date],2)=5)*(RawData[Slot]=30)) -> 0 | AG9: =SUMPRODUCT((WEEKDAY(RawData[Date],2)=5)*(RawData[Slot]=31)) -> 5 | AH9: =SUMPRODUCT((WEEKDAY(RawData[Date],2)=5)*(RawData[Slot]=32)) -> 1 | AI9: =SUMPRODUCT((WEEKDAY(RawData[Date],2)=5)*(RawData[Slot]=33)) -> 2 | AJ9: =SUMPRODUCT((WEEKDAY(RawData[Date],2)=5)*(RawData[Slot]=34)) -> 0 | AK9: =SUMPRODUCT((WEEKDAY(RawData[Date],2)=5)*(RawData[Slot]=35)) -> 0 | AL9: =SUMPRODUCT((WEEKDAY(RawData[Date],2)=5)*(RawData[Slot]=36)) -> 0 | AM9: =SUMPRODUCT((WEEKDAY(RawData[Date],2)=5)*(RawData[Slot]=37)) -> 0 | AN9: =SUMPRODUCT((WEEKDAY(RawData[Date],2)=5)*(RawData[Slot]=38)) -> 0 | AO9: =SUMPRODUCT((WEEKDAY(RawData[Date],2)=5)*(RawData[Slot]=39)) -> 0 | AP9: =SUMPRODUCT((WEEKDAY(RawData[Date],2)=5)*(RawData[Slot]=40)) -> 0 | AQ9: =SUMPRODUCT((WEEKDAY(RawData[Date],2)=5)*(RawData[Slot]=41)) -> 0 | AR9: =SUMPRODUCT((WEEKDAY(RawData[Date],2)=5)*(RawData[Slot]=42)) -> 0 | AS9: =SUMPRODUCT((WEEKDAY(RawData[Date],2)=5)*(RawData[Slot]=43)) -> 0 | AT9: =SUMPRODUCT((WEEKDAY(RawData[Date],2)=5)*(RawData[Slot]=44)) -> 0 | AU9: =SUMPRODUCT((WEEKDAY(RawData[Date],2)=5)*(RawData[Slot]=45)) -> 0 | AV9: =SUMPRODUCT((WEEKDAY(RawData[Date],2)=5)*(RawData[Slot]=46)) -> 0 | AW9: =SUMPRODUCT((WEEKDAY(RawData[Date],2)=5)*(RawData[Slot]=47)) -> 0 | AX9: =SUM(B9:AW9) -> 26
A10: Saturday | B10: =SUMPRODUCT((WEEKDAY(RawData[Date],2)=6)*(RawData[Slot]=0)) -> 4 | C10: =SUMPRODUCT((WEEKDAY(RawData[Date],2)=6)*(RawData[Slot]=1)) -> 0 | D10: =SUMPRODUCT((WEEKDAY(RawData[Date],2)=6)*(RawData[Slot]=2)) -> 0 | E10: =SUMPRODUCT((WEEKDAY(RawData[Date],2)=6)*(RawData[Slot]=3)) -> 0 | F10: =SUMPRODUCT((WEEKDAY(RawData[Date],2)=6)*(RawData[Slot]=4)) -> 0 | G10: =SUMPRODUCT((WEEKDAY(RawData[Date],2)=6)*(RawData[Slot]=5)) -> 0 | H10: =SUMPRODUCT((WEEKDAY(RawData[Date],2)=6)*(RawData[Slot]=6)) -> 0 | I10: =SUMPRODUCT((WEEKDAY(RawData[Date],2)=6)*(RawData[Slot]=7)) -> 0 | J10: =SUMPRODUCT((WEEKDAY(RawData[Date],2)=6)*(RawData[Slot]=8)) -> 0 | K10: =SUMPRODUCT((WEEKDAY(RawData[Date],2)=6)*(RawData[Slot]=9)) -> 0 | L10: =SUMPRODUCT((WEEKDAY(RawData[Date],2)=6)*(RawData[Slot]=10)) -> 0 | M10: =SUMPRODUCT((WEEKDAY(RawData[Date],2)=6)*(RawData[Slot]=11)) -> 0 | N10: =SUMPRODUCT((WEEKDAY(RawData[Date],2)=6)*(RawData[Slot]=12)) -> 0 | O10: =SUMPRODUCT((WEEKDAY(RawData[Date],2)=6)*(RawData[Slot]=13)) -> 0 | P10: =SUMPRODUCT((WEEKDAY(RawData[Date],2)=6)*(RawData[Slot]=14)) -> 0 | Q10: =SUMPRODUCT((WEEKDAY(RawData[Date],2)=6)*(RawData[Slot]=15)) -> 0 | R10: =SUMPRODUCT((WEEKDAY(RawData[Date],2)=6)*(RawData[Slot]=16)) -> 0 | S10: =SUMPRODUCT((WEEKDAY(RawData[Date],2)=6)*(RawData[Slot]=17)) -> 0 | T10: =SUMPRODUCT((WEEKDAY(RawData[Date],2)=6)*(RawData[Slot]=18)) -> 0 | U10: =SUMPRODUCT((WEEKDAY(RawData[Date],2)=6)*(RawData[Slot]=19)) -> 0 | V10: =SUMPRODUCT((WEEKDAY(RawData[Date],2)=6)*(RawData[Slot]=20)) -> 0 | W10: =SUMPRODUCT((WEEKDAY(RawData[Date],2)=6)*(RawData[Slot]=21)) -> 0 | X10: =SUMPRODUCT((WEEKDAY(RawData[Date],2)=6)*(RawData[Slot]=22)) -> 0 | Y10: =SUMPRODUCT((WEEKDAY(RawData[Date],2)=6)*(RawData[Slot]=23)) -> 0 | Z10: =SUMPRODUCT((WEEKDAY(RawData[Date],2)=6)*(RawData[Slot]=24)) -> 0 | AA10: =SUMPRODUCT((WEEKDAY(RawData[Date],2)=6)*(RawData[Slot]=25)) -> 0 | AB10: =SUMPRODUCT((WEEKDAY(RawData[Date],2)=6)*(RawData[Slot]=26)) -> 0 | AC10: =SUMPRODUCT((WEEKDAY(RawData[Date],2)=6)*(RawData[Slot]=27)) -> 0 | AD10: =SUMPRODUCT((WEEKDAY(RawData[Date],2)=6)*(RawData[Slot]=28)) -> 0 | AE10: =SUMPRODUCT((WEEKDAY(RawData[Date],2)=6)*(RawData[Slot]=29)) -> 0 | AF10: =SUMPRODUCT((WEEKDAY(RawData[Date],2)=6)*(RawData[Slot]=30)) -> 0 | AG10: =SUMPRODUCT((WEEKDAY(RawData[Date],2)=6)*(RawData[Slot]=31)) -> 0 | AH10: =SUMPRODUCT((WEEKDAY(RawData[Date],2)=6)*(RawData[Slot]=32)) -> 0 | AI10: =SUMPRODUCT((WEEKDAY(RawData[Date],2)=6)*(RawData[Slot]=33)) -> 0 | AJ10: =SUMPRODUCT((WEEKDAY(RawData[Date],2)=6)*(RawData[Slot]=34)) -> 0 | AK10: =SUMPRODUCT((WEEKDAY(RawData[Date],2)=6)*(RawData[Slot]=35)) -> 0 | AL10: =SUMPRODUCT((WEEKDAY(RawData[Date],2)=6)*(RawData[Slot]=36)) -> 0 | AM10: =SUMPRODUCT((WEEKDAY(RawData[Date],2)=6)*(RawData[Slot]=37)) -> 0 | AN10: =SUMPRODUCT((WEEKDAY(RawData[Date],2)=6)*(RawData[Slot]=38)) -> 0 | AO10: =SUMPRODUCT((WEEKDAY(RawData[Date],2)=6)*(RawData[Slot]=39)) -> 0 | AP10: =SUMPRODUCT((WEEKDAY(RawData[Date],2)=6)*(RawData[Slot]=40)) -> 0 | AQ10: =SUMPRODUCT((WEEKDAY(RawData[Date],2)=6)*(RawData[Slot]=41)) -> 0 | AR10: =SUMPRODUCT((WEEKDAY(RawData[Date],2)=6)*(RawData[Slot]=42)) -> 0 | AS10: =SUMPRODUCT((WEEKDAY(RawData[Date],2)=6)*(RawData[Slot]=43)) -> 0 | AT10: =SUMPRODUCT((WEEKDAY(RawData[Date],2)=6)*(RawData[Slot]=44)) -> 0 | AU10: =SUMPRODUCT((WEEKDAY(RawData[Date],2)=6)*(RawData[Slot]=45)) -> 0 | AV10: =SUMPRODUCT((WEEKDAY(RawData[Date],2)=6)*(RawData[Slot]=46)) -> 0 | AW10: =SUMPRODUCT((WEEKDAY(RawData[Date],2)=6)*(RawData[Slot]=47)) -> 0 | AX10: =SUM(B10:AW10) -> 4
A11: Sunday | B11: =SUMPRODUCT((WEEKDAY(RawData[Date],2)=7)*(RawData[Slot]=0)) -> 0 | C11: =SUMPRODUCT((WEEKDAY(RawData[Date],2)=7)*(RawData[Slot]=1)) -> 0 | D11: =SUMPRODUCT((WEEKDAY(RawData[Date],2)=7)*(RawData[Slot]=2)) -> 0 | E11: =SUMPRODUCT((WEEKDAY(RawData[Date],2)=7)*(RawData[Slot]=3)) -> 0 | F11: =SUMPRODUCT((WEEKDAY(RawData[Date],2)=7)*(RawData[Slot]=4)) -> 0 | G11: =SUMPRODUCT((WEEKDAY(RawData[Date],2)=7)*(RawData[Slot]=5)) -> 0 | H11: =SUMPRODUCT((WEEKDAY(RawData[Date],2)=7)*(RawData[Slot]=6)) -> 0 | I11: =SUMPRODUCT((WEEKDAY(RawData[Date],2)=7)*(RawData[Slot]=7)) -> 0 | J11: =SUMPRODUCT((WEEKDAY(RawData[Date],2)=7)*(RawData[Slot]=8)) -> 0 | K11: =SUMPRODUCT((WEEKDAY(RawData[Date],2)=7)*(RawData[Slot]=9)) -> 0 | L11: =SUMPRODUCT((WEEKDAY(RawData[Date],2)=7)*(RawData[Slot]=10)) -> 0 | M11: =SUMPRODUCT((WEEKDAY(RawData[Date],2)=7)*(RawData[Slot]=11)) -> 0 | N11: =SUMPRODUCT((WEEKDAY(RawData[Date],2)=7)*(RawData[Slot]=12)) -> 0 | O11: =SUMPRODUCT((WEEKDAY(RawData[Date],2)=7)*(RawData[Slot]=13)) -> 0 | P11: =SUMPRODUCT((WEEKDAY(RawData[Date],2)=7)*(RawData[Slot]=14)) -> 0 | Q11: =SUMPRODUCT((WEEKDAY(RawData[Date],2)=7)*(RawData[Slot]=15)) -> 0 | R11: =SUMPRODUCT((WEEKDAY(RawData[Date],2)=7)*(RawData[Slot]=16)) -> 0 | S11: =SUMPRODUCT((WEEKDAY(RawData[Date],2)=7)*(RawData[Slot]=17)) -> 0 | T11: =SUMPRODUCT((WEEKDAY(RawData[Date],2)=7)*(RawData[Slot]=18)) -> 0 | U11: =SUMPRODUCT((WEEKDAY(RawData[Date],2)=7)*(RawData[Slot]=19)) -> 0 | V11: =SUMPRODUCT((WEEKDAY(RawData[Date],2)=7)*(RawData[Slot]=20)) -> 0 | W11: =SUMPRODUCT((WEEKDAY(RawData[Date],2)=7)*(RawData[Slot]=21)) -> 0 | X11: =SUMPRODUCT((WEEKDAY(RawData[Date],2)=7)*(RawData[Slot]=22)) -> 0 | Y11: =SUMPRODUCT((WEEKDAY(RawData[Date],2)=7)*(RawData[Slot]=23)) -> 0 | Z11: =SUMPRODUCT((WEEKDAY(RawData[Date],2)=7)*(RawData[Slot]=24)) -> 0 | AA11: =SUMPRODUCT((WEEKDAY(RawData[Date],2)=7)*(RawData[Slot]=25)) -> 0 | AB11: =SUMPRODUCT((WEEKDAY(RawData[Date],2)=7)*(RawData[Slot]=26)) -> 0 | AC11: =SUMPRODUCT((WEEKDAY(RawData[Date],2)=7)*(RawData[Slot]=27)) -> 0 | AD11: =SUMPRODUCT((WEEKDAY(RawData[Date],2)=7)*(RawData[Slot]=28)) -> 0 | AE11: =SUMPRODUCT((WEEKDAY(RawData[Date],2)=7)*(RawData[Slot]=29)) -> 0 | AF11: =SUMPRODUCT((WEEKDAY(RawData[Date],2)=7)*(RawData[Slot]=30)) -> 0 | AG11: =SUMPRODUCT((WEEKDAY(RawData[Date],2)=7)*(RawData[Slot]=31)) -> 0 | AH11: =SUMPRODUCT((WEEKDAY(RawData[Date],2)=7)*(RawData[Slot]=32)) -> 0 | AI11: =SUMPRODUCT((WEEKDAY(RawData[Date],2)=7)*(RawData[Slot]=33)) -> 0 | AJ11: =SUMPRODUCT((WEEKDAY(RawData[Date],2)=7)*(RawData[Slot]=34)) -> 0 | AK11: =SUMPRODUCT((WEEKDAY(RawData[Date],2)=7)*(RawData[Slot]=35)) -> 0 | AL11: =SUMPRODUCT((WEEKDAY(RawData[Date],2)=7)*(RawData[Slot]=36)) -> 0 | AM11: =SUMPRODUCT((WEEKDAY(RawData[Date],2)=7)*(RawData[Slot]=37)) -> 0 | AN11: =SUMPRODUCT((WEEKDAY(RawData[Date],2)=7)*(RawData[Slot]=38)) -> 0 | AO11: =SUMPRODUCT((WEEKDAY(RawData[Date],2)=7)*(RawData[Slot]=39)) -> 0 | AP11: =SUMPRODUCT((WEEKDAY(RawData[Date],2)=7)*(RawData[Slot]=40)) -> 0 | AQ11: =SUMPRODUCT((WEEKDAY(RawData[Date],2)=7)*(RawData[Slot]=41)) -> 0 | AR11: =SUMPRODUCT((WEEKDAY(RawData[Date],2)=7)*(RawData[Slot]=42)) -> 0 | AS11: =SUMPRODUCT((WEEKDAY(RawData[Date],2)=7)*(RawData[Slot]=43)) -> 0 | AT11: =SUMPRODUCT((WEEKDAY(RawData[Date],2)=7)*(RawData[Slot]=44)) -> 0 | AU11: =SUMPRODUCT((WEEKDAY(RawData[Date],2)=7)*(RawData[Slot]=45)) -> 0 | AV11: =SUMPRODUCT((WEEKDAY(RawData[Date],2)=7)*(RawData[Slot]=46)) -> 0 | AW11: =SUMPRODUCT((WEEKDAY(RawData[Date],2)=7)*(RawData[Slot]=47)) -> 0 | AX11: =SUM(B11:AW11) -> 0
A12: Slot Total | B12: =SUM(B5:B11) -> 4 | C12: =SUM(C5:C11) -> 0 | D12: =SUM(D5:D11) -> 0 | E12: =SUM(E5:E11) -> 0 | F12: =SUM(F5:F11) -> 0 | G12: =SUM(G5:G11) -> 0 | H12: =SUM(H5:H11) -> 0 | I12: =SUM(I5:I11) -> 0 | ... AX12: =SUM(AX5:AX11) -> 30

Sheet RawData
A1: Raw Data — just append new rows at the bottom
A2: Each row = 1 event. Date as DD.MM.YYYY, Time as HH:MM. The "Slot" column fills automatically (0=00:00, 1=00:30, ..., 47=23:30).
A4: Date | B4: Time | C4: Slot | D4: Counter
A5: 46150 | B5: 0.40208333 | C5: =IF(B5="","",HOUR(B5)*2+IF(MINUTE(B5)>=30,1,0)) -> 19 | D5: 1
A6: 46150 | B6: 0.40416667 | C6: =IF(B6="","",HOUR(B6)*2+IF(MINUTE(B6)>=30,1,0)) -> 19 | D6: 2
A7: 46150 | B7: 0.40486111 | C7: =IF(B7="","",HOUR(B7)*2+IF(MINUTE(B7)>=30,1,0)) -> 19 | D7: 3
A8: 46150 | B8: 0.40625 | C8: =IF(B8="","",HOUR(B8)*2+IF(MINUTE(B8)>=30,1,0)) -> 19 | D8: 4
A9: 46150 | B9: 0.41041667 | C9: =IF(B9="","",HOUR(B9)*2+IF(MINUTE(B9)>=30,1,0)) -> 19 | D9: 5
A10: 46150 | B10: 0.41111111 | C10: =IF(B10="","",HOUR(B10)*2+IF(MINUTE(B10)>=30,1,0)) -> 19 | D10: 6
A11: 46150 | B11: 0.41736111 | C11: =IF(B11="","",HOUR(B11)*2+IF(MINUTE(B11)>=30,1,0)) -> 20 | D11: 7
A12: 46150 | B12: 0.41805556 | C12: =IF(B12="","",HOUR(B12)*2+IF(MINUTE(B12)>=30,1,0)) -> 20 | D12: 8
A13: 46150 | B13: 0.42638889 | C13: =IF(B13="","",HOUR(B13)*2+IF(MINUTE(B13)>=30,1,0)) -> 20 | D13: 9
A14: 46150 | B14: 0.44305556 | C14: =IF(B14="","",HOUR(B14)*2+IF(MINUTE(B14)>=30,1,0)) -> 21 | D14: 10
A15: 46150 | B15: 0.46805556 | C15: =IF(B15="","",HOUR(B15)*2+IF(MINUTE(B15)>=30,1,0)) -> 22 | D15: 11
A16: 46150 | B16: 0.47638889 | C16: =IF(B16="","",HOUR(B16)*2+IF(MINUTE(B16)>=30,1,0)) -> 22 | D16: 12
... A30: 46150 | B30: 0.70625 | C30: =IF(B30="","",HOUR(B30)*2+IF(MINUTE(B30)>=30,1,0)) -> 33 | D30: 26
C35: =IF(B35="","",HOUR(B35)*2+IF(MINUTE(B35)>=30,1,0))
C36: =IF(B36="","",HOUR(B36)*2+IF(MINUTE(B36)>=30,1,0))
C37: =IF(B37="","",HOUR(B37)*2+IF(MINUTE(B37)>=30,1,0))
C38: =IF(B38="","",HOUR(B38)*2+IF(MINUTE(B38)>=30,1,0))
C39: =IF(B39="","",HOUR(B39)*2+IF(MINUTE(B39)>=30,1,0))
C40: =IF(B40="","",HOUR(B40)*2+IF(MINUTE(B40)>=30,1,0))
C41: =IF(B41="","",HOUR(B41)*2+IF(MINUTE(B41)>=30,1,0))
C42: =IF(B42="","",HOUR(B42)*2+IF(MINUTE(B42)>=30,1,0))
C43: =IF(B43="","",HOUR(B43)*2+IF(MINUTE(B43)>=30,1,0))
C44: =IF(B44="","",HOUR(B44)*2+IF(MINUTE(B44)>=30,1,0))
C45: =IF(B45="","",HOUR(B45)*2+IF(MINUTE(B45)>=30,1,0))
C46: =IF(B46="","",HOUR(B46)*2+IF(MINUTE(B46)>=30,1,0))
... C295: =IF(B295="","",HOUR(B295)*2+IF(MINUTE(B295)>=30,1,0))
